certificat,cle_publique,CN,Organization,module
"-----BEGIN CERTIFICATE-----
MIIOcTCCDVmgAwIBAgIQalhG/M3eQC4QyUxaypIUtzANBgkqhkiG9w0BAQsFADBG
MQswCQYDVQQGEwJVUzEiMCAGA1UEChMZR29vZ2xlIFRydXN0IFNlcnZpY2VzIExM
QzETMBEGA1UEAxMKR1RTIENBIDFDMzAeFw0yMzExMjAwODAyNTVaFw0yNDAyMTIw
ODAyNTRaMBcxFTATBgNVBAMMDCouZ29vZ2xlLmNvbTBZMBMGByqGSM49AgEGCCqG
SM49AwEHA0IABHoPGkE6IqzFZ5fwWMjZ0Y3ZYLSXQczdd1QQtzZfti+nGQCizZu4
f4wBc4+jpb22mdwMAGbD4qWWXfdG+GjK4fCjggxTMIIMTzAOBgNVHQ8BAf8EBAMC
B4AwEwYDVR0lBAwwCgYIKwYBBQUHAwEwDAYDVR0TAQH/BAIwADAdBgNVHQ4EFgQU
YlkUKb4fDgXAjmrnViKxLBOyHlowHwYDVR0jBBgwFoAUinR/r4XN7pXNPZzQ4kYU
83E1HScwagYIKwYBBQUHAQEEXjBcMCcGCCsGAQUFBzABhhtodHRwOi8vb2NzcC5w
a2kuZ29vZy9ndHMxYzMwMQYIKwYBBQUHMAKGJWh0dHA6Ly9wa2kuZ29vZy9yZXBv
L2NlcnRzL2d0czFjMy5kZXIwggoDBgNVHREEggn6MIIJ9oIMKi5nb29nbGUuY29t
ghYqLmFwcGVuZ2luZS5nb29nbGUuY29tggkqLmJkbi5kZXaCFSoub3JpZ2luLXRl
c3QuYmRuLmRldoISKi5jbG91ZC5nb29nbGUuY29tghgqLmNyb3dkc291cmNlLmdv
b2dsZS5jb22CGCouZGF0YWNvbXB1dGUuZ29vZ2xlLmNvbYILKi5nb29nbGUuY2GC
CyouZ29vZ2xlLmNsgg4qLmdvb2dsZS5jby5pboIOKi5nb29nbGUuY28uanCCDiou
Z29vZ2xlLmNvLnVrgg8qLmdvb2dsZS5jb20uYXKCDyouZ29vZ2xlLmNvbS5hdYIP
Ki5nb29nbGUuY29tLmJygg8qLmdvb2dsZS5jb20uY2+CDyouZ29vZ2xlLmNvbS5t
eIIPKi5nb29nbGUuY29tLnRygg8qLmdvb2dsZS5jb20udm6CCyouZ29vZ2xlLmRl
ggsqLmdvb2dsZS5lc4ILKi5nb29nbGUuZnKCCyouZ29vZ2xlLmh1ggsqLmdvb2ds
ZS5pdIILKi5nb29nbGUubmyCCyouZ29vZ2xlLnBsggsqLmdvb2dsZS5wdIISKi5n
b29nbGVhZGFwaXMuY29tgg8qLmdvb2dsZWFwaXMuY26CESouZ29vZ2xldmlkZW8u
Y29tggwqLmdzdGF0aWMuY26CECouZ3N0YXRpYy1jbi5jb22CD2dvb2dsZWNuYXBw
cy5jboIRKi5nb29nbGVjbmFwcHMuY26CEWdvb2dsZWFwcHMtY24uY29tghMqLmdv
b2dsZWFwcHMtY24uY29tggxna2VjbmFwcHMuY26CDiouZ2tlY25hcHBzLmNughJn
b29nbGVkb3dubG9hZHMuY26CFCouZ29vZ2xlZG93bmxvYWRzLmNughByZWNhcHRj
aGEubmV0LmNughIqLnJlY2FwdGNoYS5uZXQuY26CEHJlY2FwdGNoYS1jbi5uZXSC
EioucmVjYXB0Y2hhLWNuLm5ldIILd2lkZXZpbmUuY26CDSoud2lkZXZpbmUuY26C
EWFtcHByb2plY3Qub3JnLmNughMqLmFtcHByb2plY3Qub3JnLmNughFhbXBwcm9q
ZWN0Lm5ldC5jboITKi5hbXBwcm9qZWN0Lm5ldC5jboIXZ29vZ2xlLWFuYWx5dGlj
cy1jbi5jb22CGSouZ29vZ2xlLWFuYWx5dGljcy1jbi5jb22CF2dvb2dsZWFkc2Vy
dmljZXMtY24uY29tghkqLmdvb2dsZWFkc2VydmljZXMtY24uY29tghFnb29nbGV2
YWRzLWNuLmNvbYITKi5nb29nbGV2YWRzLWNuLmNvbYIRZ29vZ2xlYXBpcy1jbi5j
b22CEyouZ29vZ2xlYXBpcy1jbi5jb22CFWdvb2dsZW9wdGltaXplLWNuLmNvbYIX
Ki5nb29nbGVvcHRpbWl6ZS1jbi5jb22CEmRvdWJsZWNsaWNrLWNuLm5ldIIUKi5k
b3VibGVjbGljay1jbi5uZXSCGCouZmxzLmRvdWJsZWNsaWNrLWNuLm5ldIIWKi5n
LmRvdWJsZWNsaWNrLWNuLm5ldIIOZG91YmxlY2xpY2suY26CECouZG91YmxlY2xp
Y2suY26CFCouZmxzLmRvdWJsZWNsaWNrLmNughIqLmcuZG91YmxlY2xpY2suY26C
EWRhcnRzZWFyY2gtY24ubmV0ghMqLmRhcnRzZWFyY2gtY24ubmV0gh1nb29nbGV0
cmF2ZWxhZHNlcnZpY2VzLWNuLmNvbYIfKi5nb29nbGV0cmF2ZWxhZHNlcnZpY2Vz
LWNuLmNvbYIYZ29vZ2xldGFnc2VydmljZXMtY24uY29tghoqLmdvb2dsZXRhZ3Nl
cnZpY2VzLWNuLmNvbYIXZ29vZ2xldGFnbWFuYWdlci1jbi5jb22CGSouZ29vZ2xl
dGFnbWFuYWdlci1jbi5jb22CGGdvb2dsZXN5bmRpY2F0aW9uLWNuLmNvbYIaKi5n
b29nbGVzeW5kaWNhdGlvbi1jbi5jb22CJCouc2FmZWZyYW1lLmdvb2dsZXN5bmRp
Y2F0aW9uLWNuLmNvbYIWYXBwLW1lYXN1cmVtZW50LWNuLmNvbYIYKi5hcHAtbWVh
c3VyZW1lbnQtY24uY29tggtndnQxLWNuLmNvbYINKi5ndnQxLWNuLmNvbYILZ3Z0
Mi1jbi5jb22CDSouZ3Z0Mi1jbi5jb22CCzJtZG4tY24ubmV0gg0qLjJtZG4tY24u
bmV0ghRnb29nbGVmbGlnaHRzLWNuLm5ldIIWKi5nb29nbGVmbGlnaHRzLWNuLm5l
dIIMYWRtb2ItY24uY29tgg4qLmFkbW9iLWNuLmNvbYIUZ29vZ2xlc2FuZGJveC1j
bi5jb22CFiouZ29vZ2xlc2FuZGJveC1jbi5jb22CHiouc2FmZW51cC5nb29nbGVz
YW5kYm94LWNuLmNvbYINKi5nc3RhdGljLmNvbYIUKi5tZXRyaWMuZ3N0YXRpYy5j
b22CCiouZ3Z0MS5jb22CESouZ2NwY2RuLmd2dDEuY29tggoqLmd2dDIuY29tgg4q
LmdjcC5ndnQyLmNvbYIQKi51cmwuZ29vZ2xlLmNvbYIWKi55b3V0dWJlLW5vY29v
a2llLmNvbYILKi55dGltZy5jb22CC2FuZHJvaWQuY29tgg0qLmFuZHJvaWQuY29t
ghMqLmZsYXNoLmFuZHJvaWQuY29tggRnLmNuggYqLmcuY26CBGcuY2+CBiouZy5j
b4IGZ29vLmdsggp3d3cuZ29vLmdsghRnb29nbGUtYW5hbHl0aWNzLmNvbYIWKi5n
b29nbGUtYW5hbHl0aWNzLmNvbYIKZ29vZ2xlLmNvbYISZ29vZ2xlY29tbWVyY2Uu
Y29tghQqLmdvb2dsZWNvbW1lcmNlLmNvbYIIZ2dwaHQuY26CCiouZ2dwaHQuY26C
CnVyY2hpbi5jb22CDCoudXJjaGluLmNvbYIIeW91dHUuYmWCC3lvdXR1YmUuY29t
gg0qLnlvdXR1YmUuY29tghR5b3V0dWJlZWR1Y2F0aW9uLmNvbYIWKi55b3V0dWJl
ZWR1Y2F0aW9uLmNvbYIPeW91dHViZWtpZHMuY29tghEqLnlvdXR1YmVraWRzLmNv
bYIFeXQuYmWCByoueXQuYmWCGmFuZHJvaWQuY2xpZW50cy5nb29nbGUuY29tghtk
ZXZlbG9wZXIuYW5kcm9pZC5nb29nbGUuY26CHGRldmVsb3BlcnMuYW5kcm9pZC5n
b29nbGUuY26CGHNvdXJjZS5hbmRyb2lkLmdvb2dsZS5jboIaZGV2ZWxvcGVyLmNo
cm9tZS5nb29nbGUuY26CGHdlYi5kZXZlbG9wZXJzLmdvb2dsZS5jbjAhBgNVHSAE
GjAYMAgGBmeBDAECATAMBgorBgEEAdZ5AgUDMDwGA1UdHwQ1MDMwMaAvoC2GK2h0
dHA6Ly9jcmxzLnBraS5nb29nL2d0czFjMy96ZEFUdDBFeF9Gay5jcmwwggEEBgor
BgEEAdZ5AgQCBIH1BIHyAPAAdQDuzdBk1dsazsVct520zROiModGfLzs3sNRSFlG
cR+1mwAAAYvr9/waAAAEAwBGMEQCID9I2n8NMuW1FzELcE7P9sHblVs55lAY8A6D
7V6BQ0LnAiBYkt0j/1BZvc1UnUXRVDPmKbrMm7IbpxzfFGBgrW3+YAB3ADtTd3U+
LbmAToswWwb+QDtn2E/D9Me9AA0tcm/h+tQXAAABi+v3/CwAAAQDAEgwRgIhAOYr
scD5NsF+dt+0biySzR8rsOaEe2Swe4/dP2L6EROvAiEAstqe1TBeB5k9AKGqjMyd
JbjpysfDhK9uW8LqkdqrZ5wwDQYJKoZIhvcNAQELBQADggEBALziHpe+3YavEmr4
wjPiI62LsmHxZ0D7xQxqxT86dcLA/6eAcbDN3F5GQz3l9eVIcpNjDv2wc+x83VJy
wwqxh97qg4CWRxHN897S+dnVCKiTotaQpN08p6vQvz8B7c1nF98G2RGDCZCL3Xqk
ABCeVomXdVFXIBwnKC1dtYAwjrIj8wSjNQRhPCiGo0+3DmcUwnQLcY1X+Z+hUtCj
65o256jt1jc3l/N4DIe2wX0YTnz4D0egop2vswvK8zr/GyMMFM7ejX5wPACWA+Ad
7tFwkSpsZUL+Mm+/hnQjhMurPyYpDyAKJFIWPh4hjdmajrUfWoT54nTQ/52cnmuq
GLPRZMQ=
-----END CERTIFICATE-----","-----BEGIN PUBLIC KEY-----
MFkwEwYHKoZIzj0CAQYIKoZIzj0DAQcDQgAEeg8aQToirMVnl/BYyNnRjdlgtJdB
zN13VBC3Nl+2L6cZAKLNm7h/jAFzj6OlvbaZ3AwAZsPipZZd90b4aMrh8A==
-----END PUBLIC KEY-----
",*.google.com,Google Trust Services LLC,
"-----BEGIN CERTIFICATE-----
MIIOcTCCDVmgAwIBAgIQalhG/M3eQC4QyUxaypIUtzANBgkqhkiG9w0BAQsFADBG
MQswCQYDVQQGEwJVUzEiMCAGA1UEChMZR29vZ2xlIFRydXN0IFNlcnZpY2VzIExM
QzETMBEGA1UEAxMKR1RTIENBIDFDMzAeFw0yMzExMjAwODAyNTVaFw0yNDAyMTIw
ODAyNTRaMBcxFTATBgNVBAMMDCouZ29vZ2xlLmNvbTBZMBMGByqGSM49AgEGCCqG
SM49AwEHA0IABHoPGkE6IqzFZ5fwWMjZ0Y3ZYLSXQczdd1QQtzZfti+nGQCizZu4
f4wBc4+jpb22mdwMAGbD4qWWXfdG+GjK4fCjggxTMIIMTzAOBgNVHQ8BAf8EBAMC
B4AwEwYDVR0lBAwwCgYIKwYBBQUHAwEwDAYDVR0TAQH/BAIwADAdBgNVHQ4EFgQU
YlkUKb4fDgXAjmrnViKxLBOyHlowHwYDVR0jBBgwFoAUinR/r4XN7pXNPZzQ4kYU
83E1HScwagYIKwYBBQUHAQEEXjBcMCcGCCsGAQUFBzABhhtodHRwOi8vb2NzcC5w
a2kuZ29vZy9ndHMxYzMwMQYIKwYBBQUHMAKGJWh0dHA6Ly9wa2kuZ29vZy9yZXBv
L2NlcnRzL2d0czFjMy5kZXIwggoDBgNVHREEggn6MIIJ9oIMKi5nb29nbGUuY29t
ghYqLmFwcGVuZ2luZS5nb29nbGUuY29tggkqLmJkbi5kZXaCFSoub3JpZ2luLXRl
c3QuYmRuLmRldoISKi5jbG91ZC5nb29nbGUuY29tghgqLmNyb3dkc291cmNlLmdv
b2dsZS5jb22CGCouZGF0YWNvbXB1dGUuZ29vZ2xlLmNvbYILKi5nb29nbGUuY2GC
CyouZ29vZ2xlLmNsgg4qLmdvb2dsZS5jby5pboIOKi5nb29nbGUuY28uanCCDiou
Z29vZ2xlLmNvLnVrgg8qLmdvb2dsZS5jb20uYXKCDyouZ29vZ2xlLmNvbS5hdYIP
Ki5nb29nbGUuY29tLmJygg8qLmdvb2dsZS5jb20uY2+CDyouZ29vZ2xlLmNvbS5t
eIIPKi5nb29nbGUuY29tLnRygg8qLmdvb2dsZS5jb20udm6CCyouZ29vZ2xlLmRl
ggsqLmdvb2dsZS5lc4ILKi5nb29nbGUuZnKCCyouZ29vZ2xlLmh1ggsqLmdvb2ds
ZS5pdIILKi5nb29nbGUubmyCCyouZ29vZ2xlLnBsggsqLmdvb2dsZS5wdIISKi5n
b29nbGVhZGFwaXMuY29tgg8qLmdvb2dsZWFwaXMuY26CESouZ29vZ2xldmlkZW8u
Y29tggwqLmdzdGF0aWMuY26CECouZ3N0YXRpYy1jbi5jb22CD2dvb2dsZWNuYXBw
cy5jboIRKi5nb29nbGVjbmFwcHMuY26CEWdvb2dsZWFwcHMtY24uY29tghMqLmdv
b2dsZWFwcHMtY24uY29tggxna2VjbmFwcHMuY26CDiouZ2tlY25hcHBzLmNughJn
b29nbGVkb3dubG9hZHMuY26CFCouZ29vZ2xlZG93bmxvYWRzLmNughByZWNhcHRj
aGEubmV0LmNughIqLnJlY2FwdGNoYS5uZXQuY26CEHJlY2FwdGNoYS1jbi5uZXSC
EioucmVjYXB0Y2hhLWNuLm5ldIILd2lkZXZpbmUuY26CDSoud2lkZXZpbmUuY26C
EWFtcHByb2plY3Qub3JnLmNughMqLmFtcHByb2plY3Qub3JnLmNughFhbXBwcm9q
ZWN0Lm5ldC5jboITKi5hbXBwcm9qZWN0Lm5ldC5jboIXZ29vZ2xlLWFuYWx5dGlj
cy1jbi5jb22CGSouZ29vZ2xlLWFuYWx5dGljcy1jbi5jb22CF2dvb2dsZWFkc2Vy
dmljZXMtY24uY29tghkqLmdvb2dsZWFkc2VydmljZXMtY24uY29tghFnb29nbGV2
YWRzLWNuLmNvbYITKi5nb29nbGV2YWRzLWNuLmNvbYIRZ29vZ2xlYXBpcy1jbi5j
b22CEyouZ29vZ2xlYXBpcy1jbi5jb22CFWdvb2dsZW9wdGltaXplLWNuLmNvbYIX
Ki5nb29nbGVvcHRpbWl6ZS1jbi5jb22CEmRvdWJsZWNsaWNrLWNuLm5ldIIUKi5k
b3VibGVjbGljay1jbi5uZXSCGCouZmxzLmRvdWJsZWNsaWNrLWNuLm5ldIIWKi5n
LmRvdWJsZWNsaWNrLWNuLm5ldIIOZG91YmxlY2xpY2suY26CECouZG91YmxlY2xp
Y2suY26CFCouZmxzLmRvdWJsZWNsaWNrLmNughIqLmcuZG91YmxlY2xpY2suY26C
EWRhcnRzZWFyY2gtY24ubmV0ghMqLmRhcnRzZWFyY2gtY24ubmV0gh1nb29nbGV0
cmF2ZWxhZHNlcnZpY2VzLWNuLmNvbYIfKi5nb29nbGV0cmF2ZWxhZHNlcnZpY2Vz
LWNuLmNvbYIYZ29vZ2xldGFnc2VydmljZXMtY24uY29tghoqLmdvb2dsZXRhZ3Nl
cnZpY2VzLWNuLmNvbYIXZ29vZ2xldGFnbWFuYWdlci1jbi5jb22CGSouZ29vZ2xl
dGFnbWFuYWdlci1jbi5jb22CGGdvb2dsZXN5bmRpY2F0aW9uLWNuLmNvbYIaKi5n
b29nbGVzeW5kaWNhdGlvbi1jbi5jb22CJCouc2FmZWZyYW1lLmdvb2dsZXN5bmRp
Y2F0aW9uLWNuLmNvbYIWYXBwLW1lYXN1cmVtZW50LWNuLmNvbYIYKi5hcHAtbWVh
c3VyZW1lbnQtY24uY29tggtndnQxLWNuLmNvbYINKi5ndnQxLWNuLmNvbYILZ3Z0
Mi1jbi5jb22CDSouZ3Z0Mi1jbi5jb22CCzJtZG4tY24ubmV0gg0qLjJtZG4tY24u
bmV0ghRnb29nbGVmbGlnaHRzLWNuLm5ldIIWKi5nb29nbGVmbGlnaHRzLWNuLm5l
dIIMYWRtb2ItY24uY29tgg4qLmFkbW9iLWNuLmNvbYIUZ29vZ2xlc2FuZGJveC1j
bi5jb22CFiouZ29vZ2xlc2FuZGJveC1jbi5jb22CHiouc2FmZW51cC5nb29nbGVz
YW5kYm94LWNuLmNvbYINKi5nc3RhdGljLmNvbYIUKi5tZXRyaWMuZ3N0YXRpYy5j
b22CCiouZ3Z0MS5jb22CESouZ2NwY2RuLmd2dDEuY29tggoqLmd2dDIuY29tgg4q
LmdjcC5ndnQyLmNvbYIQKi51cmwuZ29vZ2xlLmNvbYIWKi55b3V0dWJlLW5vY29v
a2llLmNvbYILKi55dGltZy5jb22CC2FuZHJvaWQuY29tgg0qLmFuZHJvaWQuY29t
ghMqLmZsYXNoLmFuZHJvaWQuY29tggRnLmNuggYqLmcuY26CBGcuY2+CBiouZy5j
b4IGZ29vLmdsggp3d3cuZ29vLmdsghRnb29nbGUtYW5hbHl0aWNzLmNvbYIWKi5n
b29nbGUtYW5hbHl0aWNzLmNvbYIKZ29vZ2xlLmNvbYISZ29vZ2xlY29tbWVyY2Uu
Y29tghQqLmdvb2dsZWNvbW1lcmNlLmNvbYIIZ2dwaHQuY26CCiouZ2dwaHQuY26C
CnVyY2hpbi5jb22CDCoudXJjaGluLmNvbYIIeW91dHUuYmWCC3lvdXR1YmUuY29t
gg0qLnlvdXR1YmUuY29tghR5b3V0dWJlZWR1Y2F0aW9uLmNvbYIWKi55b3V0dWJl
ZWR1Y2F0aW9uLmNvbYIPeW91dHViZWtpZHMuY29tghEqLnlvdXR1YmVraWRzLmNv
bYIFeXQuYmWCByoueXQuYmWCGmFuZHJvaWQuY2xpZW50cy5nb29nbGUuY29tghtk
ZXZlbG9wZXIuYW5kcm9pZC5nb29nbGUuY26CHGRldmVsb3BlcnMuYW5kcm9pZC5n
b29nbGUuY26CGHNvdXJjZS5hbmRyb2lkLmdvb2dsZS5jboIaZGV2ZWxvcGVyLmNo
cm9tZS5nb29nbGUuY26CGHdlYi5kZXZlbG9wZXJzLmdvb2dsZS5jbjAhBgNVHSAE
GjAYMAgGBmeBDAECATAMBgorBgEEAdZ5AgUDMDwGA1UdHwQ1MDMwMaAvoC2GK2h0
dHA6Ly9jcmxzLnBraS5nb29nL2d0czFjMy96ZEFUdDBFeF9Gay5jcmwwggEEBgor
BgEEAdZ5AgQCBIH1BIHyAPAAdQDuzdBk1dsazsVct520zROiModGfLzs3sNRSFlG
cR+1mwAAAYvr9/waAAAEAwBGMEQCID9I2n8NMuW1FzELcE7P9sHblVs55lAY8A6D
7V6BQ0LnAiBYkt0j/1BZvc1UnUXRVDPmKbrMm7IbpxzfFGBgrW3+YAB3ADtTd3U+
LbmAToswWwb+QDtn2E/D9Me9AA0tcm/h+tQXAAABi+v3/CwAAAQDAEgwRgIhAOYr
scD5NsF+dt+0biySzR8rsOaEe2Swe4/dP2L6EROvAiEAstqe1TBeB5k9AKGqjMyd
JbjpysfDhK9uW8LqkdqrZ5wwDQYJKoZIhvcNAQELBQADggEBALziHpe+3YavEmr4
wjPiI62LsmHxZ0D7xQxqxT86dcLA/6eAcbDN3F5GQz3l9eVIcpNjDv2wc+x83VJy
wwqxh97qg4CWRxHN897S+dnVCKiTotaQpN08p6vQvz8B7c1nF98G2RGDCZCL3Xqk
ABCeVomXdVFXIBwnKC1dtYAwjrIj8wSjNQRhPCiGo0+3DmcUwnQLcY1X+Z+hUtCj
65o256jt1jc3l/N4DIe2wX0YTnz4D0egop2vswvK8zr/GyMMFM7ejX5wPACWA+Ad
7tFwkSpsZUL+Mm+/hnQjhMurPyYpDyAKJFIWPh4hjdmajrUfWoT54nTQ/52cnmuq
GLPRZMQ=
-----END CERTIFICATE-----","-----BEGIN PUBLIC KEY-----
MFkwEwYHKoZIzj0CAQYIKoZIzj0DAQcDQgAEeg8aQToirMVnl/BYyNnRjdlgtJdB
zN13VBC3Nl+2L6cZAKLNm7h/jAFzj6OlvbaZ3AwAZsPipZZd90b4aMrh8A==
-----END PUBLIC KEY-----
",*.google.com,Google Trust Services LLC,
"-----BEGIN CERTIFICATE-----
MIIHgDCCBWigAwIBAgIQC2SR3G7GxXuD/sKX3kevfDANBgkqhkiG9w0BAQsFADBc
MQswCQYDVQQGEwJVUzEXMBUGA1UEChMORGlnaUNlcnQsIEluYy4xNDAyBgNVBAMT
K0dlb1RydXN0IEdsb2JhbCBUTFMgUlNBNDA5NiBTSEEyNTYgMjAyMiBDQTEwHhcN
MjMwODIxMDAwMDAwWhcNMjQwMjE2MjM1OTU5WjAVMRMwEQYDVQQDEwpvcGVuYWku
Y29tMIIBIjANBgkqhkiG9w0BAQEFAAOCAQ8AMIIBCgKCAQEAzBhTgGw2olB2x8eb
KNYdmjq7aIK984r9vfUu5jXrVBNVO0xG+Tc94H71iHRaftd+RzkKrsLH7tQrIuO9
B7MYan8w9eVNTWrs8qBQEERMOhnMy8Jz8gQA6/ebIv5Zvqq8MPaNzPviLiv48gT3
jBoe5RNHoswyzyYAbTO1IE5oKyfbKSHrd76O4OEfudof3GMzQa3mN4aWEzsp3IhC
2gvTJyQ/FgMOy7n6zm4DGHpOUY4/KT7hOIYcnxqyTPTxjYkHx95kwmKS0901wCYE
VIlJuYGvzieDzY8rSKxSbpOsndGpQK44R24iKgrCSCjOBpcNOFdLCg3078yQRNbW
Kw8WuQIDAQABo4IDgzCCA38wHwYDVR0jBBgwFoAUpbTW6zbE52um38RkCwEqIAS4
ZiMwHQYDVR0OBBYEFHkIaKR8KXaw5HBSqL8E/gnQn38fMBUGA1UdEQQOMAyCCm9w
ZW5haS5jb20wDgYDVR0PAQH/BAQDAgWgMB0GA1UdJQQWMBQGCCsGAQUFBwMBBggr
BgEFBQcDAjCBnwYDVR0fBIGXMIGUMEigRqBEhkJodHRwOi8vY3JsMy5kaWdpY2Vy
dC5jb20vR2VvVHJ1c3RHbG9iYWxUTFNSU0E0MDk2U0hBMjU2MjAyMkNBMS5jcmww
SKBGoESGQmh0dHA6Ly9jcmw0LmRpZ2ljZXJ0LmNvbS9HZW9UcnVzdEdsb2JhbFRM
U1JTQTQwOTZTSEEyNTYyMDIyQ0ExLmNybDA+BgNVHSAENzA1MDMGBmeBDAECATAp
MCcGCCsGAQUFBwIBFhtodHRwOi8vd3d3LmRpZ2ljZXJ0LmNvbS9DUFMwgYcGCCsG
AQUFBwEBBHsweTAkBggrBgEFBQcwAYYYaHR0cDovL29jc3AuZGlnaWNlcnQuY29t
MFEGCCsGAQUFBzAChkVodHRwOi8vY2FjZXJ0cy5kaWdpY2VydC5jb20vR2VvVHJ1
c3RHbG9iYWxUTFNSU0E0MDk2U0hBMjU2MjAyMkNBMS5jcnQwCQYDVR0TBAIwADCC
AX4GCisGAQQB1nkCBAIEggFuBIIBagFoAHUA7s3QZNXbGs7FXLedtM0TojKHRny8
7N7DUUhZRnEftZsAAAGKGn0e2gAABAMARjBEAiAQ4arVlcieXUYouQPbDBlFazCn
et9hTC4hiXG4sAIEvwIgNJzT5i4q8aTI3SPvexx+yT+lOwgIbS9QE+trl4luLQUA
dwBIsONr2qZHNA/lagL6nTDrHFIBy1bdLIHZu7+rOdiEcwAAAYoafR40AAAEAwBI
MEYCIQCXRjBuMAIhp3ze3C4MVQO1PhVVqbgNL15crKsooaKW7AIhALVN5SqkDahD
VVpccNetFqSy0nqXnhLbHwZxXK36ORbIAHYA2ra/az+1tiKfm8K7XGvocJFxbLtR
hIU0vaQ9MEjX+6sAAAGKGn0eOwAABAMARzBFAiEA2e1QoAL0rp0HFq1m+05NcN08
aPtnCNK/rljtQlvOm28CIF0yUsFxH4QsHSdgj/y9naIHmIg7d3IyQFmPSmM5KAhn
MA0GCSqGSIb3DQEBCwUAA4ICAQAQISxOIjTElw3C+pYS6Cr/fZJkzNyvfII5D0CK
fXkIqbKcgCsVQ+jprKeDYegEUIdty+2qMKKIg4/0Uo9ZkZn33UacPyq6EdiVtTDu
HC7Dzp7aoJlNMfFPWp9W/rm++3l66YhhVLD1iMCYYb4YHZVA13hVVo8mwmplCqF8
IHUp4LZgySwGE9LGNNZbHf2MBXejwABInSdF6LTsGaInian5AU8xlcEcRwAKqknB
0QnItcWYF9i/BdzhszDA7y68lnGUEDWPcfiplW0IPK59CvjtVdGwkS74S+ddQYgR
NCJEAstRvDLly7TvgWv4AvfrStqaffG9RX4L98oUaZxH/r/5k5OtSfpjAHCgKLN9
J6FThYVZLR0QZvRkXWSagHohdfQRz6QVBi/HQqY14k2IxdV65hoQP5UVUYd6yfSL
eAPeghsLtsLMFNGtX457zj8RwtkxiXVPRdRfZxy2KN0ReUjupCNnvIoliBdEgGD1
21Yrkxw5KprGedQhrzRVkofHKAx5YMV9cdKEQyZx1MeN0jgcKh8B8fZq7U7dlkiw
NeNq/remU9vHpphZgVrG1C9i+Zhdg74Czk5dX8wybkeQ/B9+c3iG6J5xgBYoNG3u
GT6qFvzqF3CAmHNQwUmcaep4Cx6VUHYGkKcbKwpsdgm/gXATZc8qzfz7UryD2QOO
Nc13sg==
-----END CERTIFICATE-----","-----BEGIN PUBLIC KEY-----
MIIBIjANBgkqhkiG9w0BAQEFAAOCAQ8AMIIBCgKCAQEAzBhTgGw2olB2x8ebKNYd
mjq7aIK984r9vfUu5jXrVBNVO0xG+Tc94H71iHRaftd+RzkKrsLH7tQrIuO9B7MY
an8w9eVNTWrs8qBQEERMOhnMy8Jz8gQA6/ebIv5Zvqq8MPaNzPviLiv48gT3jBoe
5RNHoswyzyYAbTO1IE5oKyfbKSHrd76O4OEfudof3GMzQa3mN4aWEzsp3IhC2gvT
JyQ/FgMOy7n6zm4DGHpOUY4/KT7hOIYcnxqyTPTxjYkHx95kwmKS0901wCYEVIlJ
uYGvzieDzY8rSKxSbpOsndGpQK44R24iKgrCSCjOBpcNOFdLCg3078yQRNbWKw8W
uQIDAQAB
-----END PUBLIC KEY-----
",openai.com,"DigiCert, Inc.",25764609898693352953755388727386626090592197804204786801088097606947935938785310964638580863228274608662715424084963223089348313706296695882995342232146038028460058843952291065667585102801708673829612389501455156665663983832917339213714672289802148247641540999769451661124146910583651106664719063028256259799076625465412982769828997828879549921778088209326027910994686836343821636298464603516499452710128846129924076466945358761099438058921759617688416711079233821620569943307760733151639654346784878573418397961646411496144430973537819171704893342702265136109100489657192951066147833695142279446964732082506005681849
"-----BEGIN CERTIFICATE-----
MIIHKjCCBhKgAwIBAgIQB+sxVv6xckWyLIWLoSFjNzANBgkqhkiG9w0BAQsFADBf
MQswCQYDVQQGEwJGUjEOMAwGA1UECBMFUGFyaXMxDjAMBgNVBAcTBVBhcmlzMQ4w
DAYDVQQKEwVHYW5kaTEgMB4GA1UEAxMXR2FuZGkgU3RhbmRhcmQgU1NMIENBIDIw
HhcNMjMwNzEwMDAwMDAwWhcNMjQwNzMxMjM1OTU5WjAVMRMwEQYDVQQDDAoqLmVz
aWVhLmZyMIICIjANBgkqhkiG9w0BAQEFAAOCAg8AMIICCgKCAgEA05Pwny9kmLtL
20EFn9tF+7eTNu+mrtnDTH+ghyuevPZ27/RwljChGe67RV3StEqziX0ix2arWmX4
2onkF/t4WvJAe3pGM7yt+AgYlI9mfDlk1icendpdQ6IB6MTQ+c0vtPK1VC7f3plg
iLlrlPXRJhjIDBVycxKIhB5OwyfbpstGFjY4MHmDLGX8xBJGMlVPKTGXqiKQqfrs
mxfTkhfGuCx4aGYGwFFqS90Dwsu5VDQlC/HHsSukPcmb1hkOwLAzV0Jt3pJdiKB9
ZtfO0I382Hf/Cc4Il9XkJuCnOuuXhCDfRuG6E2nSG0vF380uwC0W6dqB7NaMBmmC
cG11lf+zKgrxITaVF6AOBv30N3/5VdPuBqkv+bfMnqtqv5lDmNcVduC4Nq+gGIjn
LhGG6f6KQQ0+7bxN+QrJ4rnCrl+6JiLF7dR0z/dOsFXgLiD6hpwhuPfDg8sf+q+O
AOLMwdY7AhPMHjuS4C0+/RAUbpxPnOc6TTKIf6dTPJQRbRW34hH58BnHp9BaIs+9
oHDeR5zAPsHDIs44gHKOFFxuxd2D1WW1KE/DTrxgqwwkE/MhXpS64uN8k80YYdqt
rEIyc6t5DdSnn48dlDx2hi8gIXOteVihUitz9ImWD27n0XPEIW3CIZoxzCJh0pR4
pP9i4YzUlkJQKJpzzoVC5z69RKRdCIsCAwEAAaOCAyowggMmMB8GA1UdIwQYMBaA
FLOQp9jJr07NYTyffK1df0H9aTDqMB0GA1UdDgQWBBQ6CPdHiR8hzyuuajLmPOLj
rfVDgDAOBgNVHQ8BAf8EBAMCBaAwDAYDVR0TAQH/BAIwADAdBgNVHSUEFjAUBggr
BgEFBQcDAQYIKwYBBQUHAwIwSwYDVR0gBEQwQjA2BgsrBgEEAbIxAQICGjAnMCUG
CCsGAQUFBwIBFhlodHRwczovL2Nwcy51c2VydHJ1c3QuY29tMAgGBmeBDAECATBB
BgNVHR8EOjA4MDagNKAyhjBodHRwOi8vY3JsLnVzZXJ0cnVzdC5jb20vR2FuZGlT
dGFuZGFyZFNTTENBMi5jcmwwcwYIKwYBBQUHAQEEZzBlMDwGCCsGAQUFBzAChjBo
dHRwOi8vY3J0LnVzZXJ0cnVzdC5jb20vR2FuZGlTdGFuZGFyZFNTTENBMi5jcnQw
JQYIKwYBBQUHMAGGGWh0dHA6Ly9vY3NwLnVzZXJ0cnVzdC5jb20wHwYDVR0RBBgw
FoIKKi5lc2llYS5mcoIIZXNpZWEuZnIwggF/BgorBgEEAdZ5AgQCBIIBbwSCAWsB
aQB2AHb/iD8KtvuVUcJhzPWHujS0pM27KdxoQgqf5mdMWjp0AAABiUEAbR4AAAQD
AEcwRQIgI4Jb3rKjaJome5x/ZySKvTeIUQ/eZvyDNhuuV1kjcqACIQDhVk7gRMb/
2mMzFLze95QHB+gEJIqhxL87F1ADqsQa1AB2ANq2v2s/tbYin5vCu1xr6HCRcWy7
UYSFNL2kPTBI1/urAAABiUEAbYkAAAQDAEcwRQIgalOS4ejyLXm4B/PYF6CRgcif
BdU+FAhw+ievRYRn8W4CIQDgwZuYrNtBRHW6VgxerSXelbTj2z4vqnAxn4iOCvNz
cwB3AO7N0GTV2xrOxVy3nbTNE6Iyh0Z8vOzew1FIWUZxH7WbAAABiUEAbUkAAAQD
AEgwRgIhALCG5igFnepzHVUUmIxKQkN7ekv/cGW7Gc4memWyHn8cAiEAh4Rg9DG8
mvSOWToF02XxCG9uCNHsVgOwTWTjBQUZQe4wDQYJKoZIhvcNAQELBQADggEBAAls
VnRRPLYTjGokRjU5CT2B2rWMsjxgUdxoUTsN5OBl9T+DiqTn1T5qWnJUlsKR+gTZ
sQsA7rLCA/Rw5eC77sHZ4iDPt/ozG1rxrRCydjjvAFKPV0g4+cddeeIQpykKBPOO
pTYIC9ykg2O8yTi5SgghgMR+KiU9uwnHdxoxp3vRM6OTGNpYrW/taDEVHIpR2GbR
Dtk2A5EbJY/VJSDTL31RUzZ94sRQnI2WAH2Q466ljrZcpWh5+jcuUpLY2BRuswoB
CjGO4iytPI7BizRS8bFqMLeK1Wl/yBfvbsul3Jx2KXI2yEF44UbUTeZOb0TWGu03
A8lYRZ2sYVqyjap6W1A=
-----END CERTIFICATE-----","-----BEGIN PUBLIC KEY-----
MIICIjANBgkqhkiG9w0BAQEFAAOCAg8AMIICCgKCAgEA05Pwny9kmLtL20EFn9tF
+7eTNu+mrtnDTH+ghyuevPZ27/RwljChGe67RV3StEqziX0ix2arWmX42onkF/t4
WvJAe3pGM7yt+AgYlI9mfDlk1icendpdQ6IB6MTQ+c0vtPK1VC7f3plgiLlrlPXR
JhjIDBVycxKIhB5OwyfbpstGFjY4MHmDLGX8xBJGMlVPKTGXqiKQqfrsmxfTkhfG
uCx4aGYGwFFqS90Dwsu5VDQlC/HHsSukPcmb1hkOwLAzV0Jt3pJdiKB9ZtfO0I38
2Hf/Cc4Il9XkJuCnOuuXhCDfRuG6E2nSG0vF380uwC0W6dqB7NaMBmmCcG11lf+z
KgrxITaVF6AOBv30N3/5VdPuBqkv+bfMnqtqv5lDmNcVduC4Nq+gGIjnLhGG6f6K
QQ0+7bxN+QrJ4rnCrl+6JiLF7dR0z/dOsFXgLiD6hpwhuPfDg8sf+q+OAOLMwdY7
AhPMHjuS4C0+/RAUbpxPnOc6TTKIf6dTPJQRbRW34hH58BnHp9BaIs+9oHDeR5zA
PsHDIs44gHKOFFxuxd2D1WW1KE/DTrxgqwwkE/MhXpS64uN8k80YYdqtrEIyc6t5
DdSnn48dlDx2hi8gIXOteVihUitz9ImWD27n0XPEIW3CIZoxzCJh0pR4pP9i4YzU
lkJQKJpzzoVC5z69RKRdCIsCAwEAAQ==
-----END PUBLIC KEY-----
",*.esiea.fr,Gandi,863162485280587290951461320194507631351219946980359135643717639675632094491308549643626118324266332536364152247841501489599461371705261817097019798731797696576381398530503414328022044518420353918069245125048525185342050006241421515852339220595973533806455693213985911389853362086298471441215062204048906016133918890033307811510562979930871310565950639753539503241944122536940861652785318520024298745039792040468378833645466342849959712133849603167881593752238268478121283710576532572156849998436711394170141605468547126947961235141945252147702044232597051802807700979969026137683057914907086476093848371975587305235972284100291434986521610482043693029155567453530750004699797496440481026808918758268309984015275094913286235884883604549312217160475693879249510435078670518055180372555908688634980112383546904633261115947840046685959021897925602809469115758350908718915615226945463969070382806734840463356379869677494186911403535722703656146884919978021980078902110776735819564589514437282865177061924243414037445397310710177326669816853673470529989604498473762977357316129637448063327252105235834299513702017283224179604467629851133419983217787541559610025950574483599467422368690702117525921770009005656388928433922862717303112140939
"-----BEGIN CERTIFICATE-----
MIIFkjCCBHqgAwIBAgISA1swvSQ15Abmo2mHFOHA0E4pMA0GCSqGSIb3DQEBCwUA
MDIxCzAJBgNVBAYTAlVTMRYwFAYDVQQKEw1MZXQncyBFbmNyeXB0MQswCQYDVQQD
EwJSMzAeFw0yMzExMDcwNDE2NDFaFw0yNDAyMDUwNDE2NDBaMCAxHjAcBgNVBAMT
FXNvdW9wYXVkcmV5am9yZGFuLmNvbTCCAaIwDQYJKoZIhvcNAQEBBQADggGPADCC
AYoCggGBAMv6rVCSqCEAPPWwJdH/PeniHvs06hBrgY0uP4PC06Ox4m6/ha5NpBHc
Cn03PZY8XJAqhRv1ogXanE+8nQa+7urA2N3ufK1XDL7TX1CJxqwXnnq6eg9DTxFK
GxGF00IsE7l1jEPSBK9fyACVHAzzeX/Pa9av0LpH+6RF35JQ9ssKrYibAxBko0aH
e3eqhLbQoVJI1FTF0emR/ti1xoC6QErTb7lDJDstpkDE2cFp117Dvc1os/0LF5yf
ojbS+tFYPhlMOYf2iD+HSHPjkT+EC9ALbiclJ8QL7PDfOepGjzNv4KQoDf4wYhg9
2PELyj3CKB9JRN8r2XuNyfFUxHQrSjYtQNdCa/J03sWWNKm2m2F82Yhsq8OzDDFi
Y3xJIfToYbwHPbZVPSOOIR4pb+I0Ow2G9lCZrRhT1iqCf+RgtwClHLRLKGdd+zS+
JRXxxwotl5tY2n0t9At7ln8jojTkONQPqQQ2eST+4i8b98xe+jljvn1jz5u3aAz8
+ZhjLn9b1QIDAQABo4ICMjCCAi4wDgYDVR0PAQH/BAQDAgWgMB0GA1UdJQQWMBQG
CCsGAQUFBwMBBggrBgEFBQcDAjAMBgNVHRMBAf8EAjAAMB0GA1UdDgQWBBQbSAml
4DrcB+jkd7ejJI9hPjkn6DAfBgNVHSMEGDAWgBQULrMXt1hWy65QCUDmH6+dixTC
xjBVBggrBgEFBQcBAQRJMEcwIQYIKwYBBQUHMAGGFWh0dHA6Ly9yMy5vLmxlbmNy
Lm9yZzAiBggrBgEFBQcwAoYWaHR0cDovL3IzLmkubGVuY3Iub3JnLzA7BgNVHREE
NDAyghVzb3VvcGF1ZHJleWpvcmRhbi5jb22CGXd3dy5zb3VvcGF1ZHJleWpvcmRh
bi5jb20wEwYDVR0gBAwwCjAIBgZngQwBAgEwggEEBgorBgEEAdZ5AgQCBIH1BIHy
APAAdgA7U3d1Pi25gE6LMFsG/kA7Z9hPw/THvQANLXJv4frUFwAAAYuoNiEYAAAE
AwBHMEUCIBc6ewjZ64ew/qkLtV3QEIir2vZJLIu9d/BsVjZYtVuSAiEApS8/Fenv
3umcgwpcFjZR5FUnS7TEqMd7DZa3cGkthuQAdgDuzdBk1dsazsVct520zROiModG
fLzs3sNRSFlGcR+1mwAAAYuoNiEVAAAEAwBHMEUCIQD2UdJFDSYbREJ2RvsLYM9R
ianao2Xj5W4wyiA9m/YYfwIgBp1euvZQTIqiSX3a+9pZA+CfXa8OmS+hHaQQiPjZ
bhAwDQYJKoZIhvcNAQELBQADggEBABPCPAzCFM0m+X3S1ttiRxLmLN36YwyoQx7V
41BiTVMSx+yoqzHOLi9lbHF5NDgVuvS/YUXFdyiu9Bm9cnMC28iwpCzfCUXhd6My
Q6XX1GjKTIMvlYWASYNpsw5WXF1SsfxihBVtlcJECprftklBE8lz5OffFZ14m6Wt
O8t8f8cxArm2oa1W6pLRqkhb9AzOBONI5qOV8rBFsckLWCsmAqpc6rGrERJGQPGo
BVO7ZmVPmx7tokaFqXYe8YZPRjMOO69mhKgwq0UVyzrjsDMH9ab1Y5B/Sgu12xqX
jMLvp5nWXqmbdruFynm+JbBV8nUoAEScqa3UcEQZCW0UozgO/PY=
-----END CERTIFICATE-----","-----BEGIN PUBLIC KEY-----
MIIBojANBgkqhkiG9w0BAQEFAAOCAY8AMIIBigKCAYEAy/qtUJKoIQA89bAl0f89
6eIe+zTqEGuBjS4/g8LTo7Hibr+Frk2kEdwKfTc9ljxckCqFG/WiBdqcT7ydBr7u
6sDY3e58rVcMvtNfUInGrBeeerp6D0NPEUobEYXTQiwTuXWMQ9IEr1/IAJUcDPN5
f89r1q/Qukf7pEXfklD2ywqtiJsDEGSjRod7d6qEttChUkjUVMXR6ZH+2LXGgLpA
StNvuUMkOy2mQMTZwWnXXsO9zWiz/QsXnJ+iNtL60Vg+GUw5h/aIP4dIc+ORP4QL
0AtuJyUnxAvs8N856kaPM2/gpCgN/jBiGD3Y8QvKPcIoH0lE3yvZe43J8VTEdCtK
Ni1A10Jr8nTexZY0qbabYXzZiGyrw7MMMWJjfEkh9OhhvAc9tlU9I44hHilv4jQ7
DYb2UJmtGFPWKoJ/5GC3AKUctEsoZ137NL4lFfHHCi2Xm1jafS30C3uWfyOiNOQ4
1A+pBDZ5JP7iLxv3zF76OWO+fWPPm7doDPz5mGMuf1vVAgMBAAE=
-----END PUBLIC KEY-----
",souopaudreyjordan.com,Let's Encrypt,4629057907586951443946336562060238450101858341765647895677121934820458304268448291282446590665395116867680599051276150924844961300690684539031914070205510732056941093935972116017047412743797742991183489032460378556786749685993573514178790144783392035055578844303260140450847676980783475737705615550996931427940459029561523395056195330530349805850129039314252445577416463907119078765581774569019046906455983121203302956700356349238350931004288636256461172060477313530303242169832105015196336396155908905393574426894925788975816652510099288975498444232649187914591606717207751015383015269943712808454679459923729821301306770937795032285396237682365675435433026095447710563714044682117249956362221170575440084226583775573789949296829328416981544000495953636705775311047288572909871043704982269024215510609086235293598604794918386119990937380673629424922401398224577988557226757301352099137639175778207325298957265345535369239509
"-----BEGIN CERTIFICATE-----
MIIHKjCCBhKgAwIBAgIQB+sxVv6xckWyLIWLoSFjNzANBgkqhkiG9w0BAQsFADBf
MQswCQYDVQQGEwJGUjEOMAwGA1UECBMFUGFyaXMxDjAMBgNVBAcTBVBhcmlzMQ4w
DAYDVQQKEwVHYW5kaTEgMB4GA1UEAxMXR2FuZGkgU3RhbmRhcmQgU1NMIENBIDIw
HhcNMjMwNzEwMDAwMDAwWhcNMjQwNzMxMjM1OTU5WjAVMRMwEQYDVQQDDAoqLmVz
aWVhLmZyMIICIjANBgkqhkiG9w0BAQEFAAOCAg8AMIICCgKCAgEA05Pwny9kmLtL
20EFn9tF+7eTNu+mrtnDTH+ghyuevPZ27/RwljChGe67RV3StEqziX0ix2arWmX4
2onkF/t4WvJAe3pGM7yt+AgYlI9mfDlk1icendpdQ6IB6MTQ+c0vtPK1VC7f3plg
iLlrlPXRJhjIDBVycxKIhB5OwyfbpstGFjY4MHmDLGX8xBJGMlVPKTGXqiKQqfrs
mxfTkhfGuCx4aGYGwFFqS90Dwsu5VDQlC/HHsSukPcmb1hkOwLAzV0Jt3pJdiKB9
ZtfO0I382Hf/Cc4Il9XkJuCnOuuXhCDfRuG6E2nSG0vF380uwC0W6dqB7NaMBmmC
cG11lf+zKgrxITaVF6AOBv30N3/5VdPuBqkv+bfMnqtqv5lDmNcVduC4Nq+gGIjn
LhGG6f6KQQ0+7bxN+QrJ4rnCrl+6JiLF7dR0z/dOsFXgLiD6hpwhuPfDg8sf+q+O
AOLMwdY7AhPMHjuS4C0+/RAUbpxPnOc6TTKIf6dTPJQRbRW34hH58BnHp9BaIs+9
oHDeR5zAPsHDIs44gHKOFFxuxd2D1WW1KE/DTrxgqwwkE/MhXpS64uN8k80YYdqt
rEIyc6t5DdSnn48dlDx2hi8gIXOteVihUitz9ImWD27n0XPEIW3CIZoxzCJh0pR4
pP9i4YzUlkJQKJpzzoVC5z69RKRdCIsCAwEAAaOCAyowggMmMB8GA1UdIwQYMBaA
FLOQp9jJr07NYTyffK1df0H9aTDqMB0GA1UdDgQWBBQ6CPdHiR8hzyuuajLmPOLj
rfVDgDAOBgNVHQ8BAf8EBAMCBaAwDAYDVR0TAQH/BAIwADAdBgNVHSUEFjAUBggr
BgEFBQcDAQYIKwYBBQUHAwIwSwYDVR0gBEQwQjA2BgsrBgEEAbIxAQICGjAnMCUG
CCsGAQUFBwIBFhlodHRwczovL2Nwcy51c2VydHJ1c3QuY29tMAgGBmeBDAECATBB
BgNVHR8EOjA4MDagNKAyhjBodHRwOi8vY3JsLnVzZXJ0cnVzdC5jb20vR2FuZGlT
dGFuZGFyZFNTTENBMi5jcmwwcwYIKwYBBQUHAQEEZzBlMDwGCCsGAQUFBzAChjBo
dHRwOi8vY3J0LnVzZXJ0cnVzdC5jb20vR2FuZGlTdGFuZGFyZFNTTENBMi5jcnQw
JQYIKwYBBQUHMAGGGWh0dHA6Ly9vY3NwLnVzZXJ0cnVzdC5jb20wHwYDVR0RBBgw
FoIKKi5lc2llYS5mcoIIZXNpZWEuZnIwggF/BgorBgEEAdZ5AgQCBIIBbwSCAWsB
aQB2AHb/iD8KtvuVUcJhzPWHujS0pM27KdxoQgqf5mdMWjp0AAABiUEAbR4AAAQD
AEcwRQIgI4Jb3rKjaJome5x/ZySKvTeIUQ/eZvyDNhuuV1kjcqACIQDhVk7gRMb/
2mMzFLze95QHB+gEJIqhxL87F1ADqsQa1AB2ANq2v2s/tbYin5vCu1xr6HCRcWy7
UYSFNL2kPTBI1/urAAABiUEAbYkAAAQDAEcwRQIgalOS4ejyLXm4B/PYF6CRgcif
BdU+FAhw+ievRYRn8W4CIQDgwZuYrNtBRHW6VgxerSXelbTj2z4vqnAxn4iOCvNz
cwB3AO7N0GTV2xrOxVy3nbTNE6Iyh0Z8vOzew1FIWUZxH7WbAAABiUEAbUkAAAQD
AEgwRgIhALCG5igFnepzHVUUmIxKQkN7ekv/cGW7Gc4memWyHn8cAiEAh4Rg9DG8
mvSOWToF02XxCG9uCNHsVgOwTWTjBQUZQe4wDQYJKoZIhvcNAQELBQADggEBAAls
VnRRPLYTjGokRjU5CT2B2rWMsjxgUdxoUTsN5OBl9T+DiqTn1T5qWnJUlsKR+gTZ
sQsA7rLCA/Rw5eC77sHZ4iDPt/ozG1rxrRCydjjvAFKPV0g4+cddeeIQpykKBPOO
pTYIC9ykg2O8yTi5SgghgMR+KiU9uwnHdxoxp3vRM6OTGNpYrW/taDEVHIpR2GbR
Dtk2A5EbJY/VJSDTL31RUzZ94sRQnI2WAH2Q466ljrZcpWh5+jcuUpLY2BRuswoB
CjGO4iytPI7BizRS8bFqMLeK1Wl/yBfvbsul3Jx2KXI2yEF44UbUTeZOb0TWGu03
A8lYRZ2sYVqyjap6W1A=
-----END CERTIFICATE-----","-----BEGIN PUBLIC KEY-----
MIICIjANBgkqhkiG9w0BAQEFAAOCAg8AMIICCgKCAgEA05Pwny9kmLtL20EFn9tF
+7eTNu+mrtnDTH+ghyuevPZ27/RwljChGe67RV3StEqziX0ix2arWmX42onkF/t4
WvJAe3pGM7yt+AgYlI9mfDlk1icendpdQ6IB6MTQ+c0vtPK1VC7f3plgiLlrlPXR
JhjIDBVycxKIhB5OwyfbpstGFjY4MHmDLGX8xBJGMlVPKTGXqiKQqfrsmxfTkhfG
uCx4aGYGwFFqS90Dwsu5VDQlC/HHsSukPcmb1hkOwLAzV0Jt3pJdiKB9ZtfO0I38
2Hf/Cc4Il9XkJuCnOuuXhCDfRuG6E2nSG0vF380uwC0W6dqB7NaMBmmCcG11lf+z
KgrxITaVF6AOBv30N3/5VdPuBqkv+bfMnqtqv5lDmNcVduC4Nq+gGIjnLhGG6f6K
QQ0+7bxN+QrJ4rnCrl+6JiLF7dR0z/dOsFXgLiD6hpwhuPfDg8sf+q+OAOLMwdY7
AhPMHjuS4C0+/RAUbpxPnOc6TTKIf6dTPJQRbRW34hH58BnHp9BaIs+9oHDeR5zA
PsHDIs44gHKOFFxuxd2D1WW1KE/DTrxgqwwkE/MhXpS64uN8k80YYdqtrEIyc6t5
DdSnn48dlDx2hi8gIXOteVihUitz9ImWD27n0XPEIW3CIZoxzCJh0pR4pP9i4YzU
lkJQKJpzzoVC5z69RKRdCIsCAwEAAQ==
-----END PUBLIC KEY-----
",*.esiea.fr,Gandi,863162485280587290951461320194507631351219946980359135643717639675632094491308549643626118324266332536364152247841501489599461371705261817097019798731797696576381398530503414328022044518420353918069245125048525185342050006241421515852339220595973533806455693213985911389853362086298471441215062204048906016133918890033307811510562979930871310565950639753539503241944122536940861652785318520024298745039792040468378833645466342849959712133849603167881593752238268478121283710576532572156849998436711394170141605468547126947961235141945252147702044232597051802807700979969026137683057914907086476093848371975587305235972284100291434986521610482043693029155567453530750004699797496440481026808918758268309984015275094913286235884883604549312217160475693879249510435078670518055180372555908688634980112383546904633261115947840046685959021897925602809469115758350908718915615226945463969070382806734840463356379869677494186911403535722703656146884919978021980078902110776735819564589514437282865177061924243414037445397310710177326669816853673470529989604498473762977357316129637448063327252105235834299513702017283224179604467629851133419983217787541559610025950574483599467422368690702117525921770009005656388928433922862717303112140939
"-----BEGIN CERTIFICATE-----
MIIFkjCCBHqgAwIBAgISA1swvSQ15Abmo2mHFOHA0E4pMA0GCSqGSIb3DQEBCwUA
MDIxCzAJBgNVBAYTAlVTMRYwFAYDVQQKEw1MZXQncyBFbmNyeXB0MQswCQYDVQQD
EwJSMzAeFw0yMzExMDcwNDE2NDFaFw0yNDAyMDUwNDE2NDBaMCAxHjAcBgNVBAMT
FXNvdW9wYXVkcmV5am9yZGFuLmNvbTCCAaIwDQYJKoZIhvcNAQEBBQADggGPADCC
AYoCggGBAMv6rVCSqCEAPPWwJdH/PeniHvs06hBrgY0uP4PC06Ox4m6/ha5NpBHc
Cn03PZY8XJAqhRv1ogXanE+8nQa+7urA2N3ufK1XDL7TX1CJxqwXnnq6eg9DTxFK
GxGF00IsE7l1jEPSBK9fyACVHAzzeX/Pa9av0LpH+6RF35JQ9ssKrYibAxBko0aH
e3eqhLbQoVJI1FTF0emR/ti1xoC6QErTb7lDJDstpkDE2cFp117Dvc1os/0LF5yf
ojbS+tFYPhlMOYf2iD+HSHPjkT+EC9ALbiclJ8QL7PDfOepGjzNv4KQoDf4wYhg9
2PELyj3CKB9JRN8r2XuNyfFUxHQrSjYtQNdCa/J03sWWNKm2m2F82Yhsq8OzDDFi
Y3xJIfToYbwHPbZVPSOOIR4pb+I0Ow2G9lCZrRhT1iqCf+RgtwClHLRLKGdd+zS+
JRXxxwotl5tY2n0t9At7ln8jojTkONQPqQQ2eST+4i8b98xe+jljvn1jz5u3aAz8
+ZhjLn9b1QIDAQABo4ICMjCCAi4wDgYDVR0PAQH/BAQDAgWgMB0GA1UdJQQWMBQG
CCsGAQUFBwMBBggrBgEFBQcDAjAMBgNVHRMBAf8EAjAAMB0GA1UdDgQWBBQbSAml
4DrcB+jkd7ejJI9hPjkn6DAfBgNVHSMEGDAWgBQULrMXt1hWy65QCUDmH6+dixTC
xjBVBggrBgEFBQcBAQRJMEcwIQYIKwYBBQUHMAGGFWh0dHA6Ly9yMy5vLmxlbmNy
Lm9yZzAiBggrBgEFBQcwAoYWaHR0cDovL3IzLmkubGVuY3Iub3JnLzA7BgNVHREE
NDAyghVzb3VvcGF1ZHJleWpvcmRhbi5jb22CGXd3dy5zb3VvcGF1ZHJleWpvcmRh
bi5jb20wEwYDVR0gBAwwCjAIBgZngQwBAgEwggEEBgorBgEEAdZ5AgQCBIH1BIHy
APAAdgA7U3d1Pi25gE6LMFsG/kA7Z9hPw/THvQANLXJv4frUFwAAAYuoNiEYAAAE
AwBHMEUCIBc6ewjZ64ew/qkLtV3QEIir2vZJLIu9d/BsVjZYtVuSAiEApS8/Fenv
3umcgwpcFjZR5FUnS7TEqMd7DZa3cGkthuQAdgDuzdBk1dsazsVct520zROiModG
fLzs3sNRSFlGcR+1mwAAAYuoNiEVAAAEAwBHMEUCIQD2UdJFDSYbREJ2RvsLYM9R
ianao2Xj5W4wyiA9m/YYfwIgBp1euvZQTIqiSX3a+9pZA+CfXa8OmS+hHaQQiPjZ
bhAwDQYJKoZIhvcNAQELBQADggEBABPCPAzCFM0m+X3S1ttiRxLmLN36YwyoQx7V
41BiTVMSx+yoqzHOLi9lbHF5NDgVuvS/YUXFdyiu9Bm9cnMC28iwpCzfCUXhd6My
Q6XX1GjKTIMvlYWASYNpsw5WXF1SsfxihBVtlcJECprftklBE8lz5OffFZ14m6Wt
O8t8f8cxArm2oa1W6pLRqkhb9AzOBONI5qOV8rBFsckLWCsmAqpc6rGrERJGQPGo
BVO7ZmVPmx7tokaFqXYe8YZPRjMOO69mhKgwq0UVyzrjsDMH9ab1Y5B/Sgu12xqX
jMLvp5nWXqmbdruFynm+JbBV8nUoAEScqa3UcEQZCW0UozgO/PY=
-----END CERTIFICATE-----","-----BEGIN PUBLIC KEY-----
MIIBojANBgkqhkiG9w0BAQEFAAOCAY8AMIIBigKCAYEAy/qtUJKoIQA89bAl0f89
6eIe+zTqEGuBjS4/g8LTo7Hibr+Frk2kEdwKfTc9ljxckCqFG/WiBdqcT7ydBr7u
6sDY3e58rVcMvtNfUInGrBeeerp6D0NPEUobEYXTQiwTuXWMQ9IEr1/IAJUcDPN5
f89r1q/Qukf7pEXfklD2ywqtiJsDEGSjRod7d6qEttChUkjUVMXR6ZH+2LXGgLpA
StNvuUMkOy2mQMTZwWnXXsO9zWiz/QsXnJ+iNtL60Vg+GUw5h/aIP4dIc+ORP4QL
0AtuJyUnxAvs8N856kaPM2/gpCgN/jBiGD3Y8QvKPcIoH0lE3yvZe43J8VTEdCtK
Ni1A10Jr8nTexZY0qbabYXzZiGyrw7MMMWJjfEkh9OhhvAc9tlU9I44hHilv4jQ7
DYb2UJmtGFPWKoJ/5GC3AKUctEsoZ137NL4lFfHHCi2Xm1jafS30C3uWfyOiNOQ4
1A+pBDZ5JP7iLxv3zF76OWO+fWPPm7doDPz5mGMuf1vVAgMBAAE=
-----END PUBLIC KEY-----
",souopaudreyjordan.com,Let's Encrypt,4629057907586951443946336562060238450101858341765647895677121934820458304268448291282446590665395116867680599051276150924844961300690684539031914070205510732056941093935972116017047412743797742991183489032460378556786749685993573514178790144783392035055578844303260140450847676980783475737705615550996931427940459029561523395056195330530349805850129039314252445577416463907119078765581774569019046906455983121203302956700356349238350931004288636256461172060477313530303242169832105015196336396155908905393574426894925788975816652510099288975498444232649187914591606717207751015383015269943712808454679459923729821301306770937795032285396237682365675435433026095447710563714044682117249956362221170575440084226583775573789949296829328416981544000495953636705775311047288572909871043704982269024215510609086235293598604794918386119990937380673629424922401398224577988557226757301352099137639175778207325298957265345535369239509
"-----BEGIN CERTIFICATE-----
MIIGmDCCBYCgAwIBAgIQDWrrfIxfH9Ar9tRNVXJQ0zANBgkqhkiG9w0BAQsFADBw
MQswCQYDVQQGEwJVUzEVMBMGA1UEChMMRGlnaUNlcnQgSW5jMRkwFwYDVQQLExB3
d3cuZGlnaWNlcnQuY29tMS8wLQYDVQQDEyZEaWdpQ2VydCBTSEEyIEhpZ2ggQXNz
dXJhbmNlIFNlcnZlciBDQTAeFw0yMzEwMDcwMDAwMDBaFw0yNDAxMDUyMzU5NTla
MG8xCzAJBgNVBAYTAlVTMRMwEQYDVQQIEwpDYWxpZm9ybmlhMRMwEQYDVQQHEwpN
ZW5sbyBQYXJrMR0wGwYDVQQKExRNZXRhIFBsYXRmb3JtcywgSW5jLjEXMBUGA1UE
AwwOKi5mYWNlYm9vay5jb20wWTATBgcqhkjOPQIBBggqhkjOPQMBBwNCAARnD3yL
YPR34xFk09K9Ihfz9aHW9ESt4sYRXu1bwCPIWIky0Ljg5CnwPuXvVtN13lk1Ls5P
4x7WfFT0kTUVyd21o4ID+DCCA/QwHwYDVR0jBBgwFoAUUWj/kK8CB3U8zNllZGKi
ErhZcjswHQYDVR0OBBYEFBRI+KT55oGGynb5RdaGUzfJgKONMIG1BgNVHREEga0w
gaqCDiouZmFjZWJvb2suY29tgg4qLmZhY2Vib29rLm5ldIILKi5mYmNkbi5uZXSC
CyouZmJzYnguY29tghAqLm0uZmFjZWJvb2suY29tgg8qLm1lc3Nlbmdlci5jb22C
DioueHguZmJjZG4ubmV0gg4qLnh5LmZiY2RuLm5ldIIOKi54ei5mYmNkbi5uZXSC
DGZhY2Vib29rLmNvbYINbWVzc2VuZ2VyLmNvbTA+BgNVHSAENzA1MDMGBmeBDAEC
AjApMCcGCCsGAQUFBwIBFhtodHRwOi8vd3d3LmRpZ2ljZXJ0LmNvbS9DUFMwDgYD
VR0PAQH/BAQDAgOIMB0GA1UdJQQWMBQGCCsGAQUFBwMBBggrBgEFBQcDAjB1BgNV
HR8EbjBsMDSgMqAwhi5odHRwOi8vY3JsMy5kaWdpY2VydC5jb20vc2hhMi1oYS1z
ZXJ2ZXItZzYuY3JsMDSgMqAwhi5odHRwOi8vY3JsNC5kaWdpY2VydC5jb20vc2hh
Mi1oYS1zZXJ2ZXItZzYuY3JsMIGDBggrBgEFBQcBAQR3MHUwJAYIKwYBBQUHMAGG
GGh0dHA6Ly9vY3NwLmRpZ2ljZXJ0LmNvbTBNBggrBgEFBQcwAoZBaHR0cDovL2Nh
Y2VydHMuZGlnaWNlcnQuY29tL0RpZ2lDZXJ0U0hBMkhpZ2hBc3N1cmFuY2VTZXJ2
ZXJDQS5jcnQwDAYDVR0TAQH/BAIwADCCAX4GCisGAQQB1nkCBAIEggFuBIIBagFo
AHUA7s3QZNXbGs7FXLedtM0TojKHRny87N7DUUhZRnEftZsAAAGLB4aEPgAABAMA
RjBEAiBttkYX+ACYr+qNRu78EXk2gEPKpXpruqWHDqYnGj2DyQIgSmYaFXfPI7iY
U+p3llV6oWfupJPhiGNCzZx17pxTlr8AdgBIsONr2qZHNA/lagL6nTDrHFIBy1bd
LIHZu7+rOdiEcwAAAYsHhoR9AAAEAwBHMEUCIQDs9Mr6/lItN69OrD4RXf1ti2Ln
BNL4DvUL1qZUIHzMegIgSU7e8yd8Tu/nEAseDprXBe3eciJplA0gejme1akg0ncA
dwDatr9rP7W2Ip+bwrtca+hwkXFsu1GEhTS9pD0wSNf7qwAAAYsHhoR1AAAEAwBI
MEYCIQCnwvLZN+ccABtQ2xPWOOP0qwntXbjlEHkmiOLftqhsFQIhAOxPTrNwk0je
nObi/qDO695quyZ7e69Am3N1yQBX0I6YMA0GCSqGSIb3DQEBCwUAA4IBAQCPY85a
epzNLDI6GoowxCZJJoU8LKVruKz7ee5T8+aQQ3+jWnRPddD6dFJ4p+cOQT8PoN4a
DHpGV8PGfed8sElTj+DMOYZyTn4hMaiam+uSd47agff0O6ckMc8QkNKQKf6g3A/F
TTFv3jQGUn+7DfG4EFf6wC8CwAL0c7u2gSbebS3bpo2VDzR6x6y9wXEQX0Nvl4c3
r5y1VoW1bqOBU88bFRAQBB2tlFqicupjRXUNCK6HvtXGo50G/gS5DTQ7WvX5A+W9
LNCQfbm/b2Vljwn5qy+zNhZQXwOuDeCW/uYmxuprJUI1/v/EoygDZigqnrSsiPVb
vkmwTMawBQUvbCdo
-----END CERTIFICATE-----","-----BEGIN PUBLIC KEY-----
MFkwEwYHKoZIzj0CAQYIKoZIzj0DAQcDQgAEZw98i2D0d+MRZNPSvSIX8/Wh1vRE
reLGEV7tW8AjyFiJMtC44OQp8D7l71bTdd5ZNS7OT+Me1nxU9JE1FcndtQ==
-----END PUBLIC KEY-----
",*.facebook.com,DigiCert Inc,
"-----BEGIN CERTIFICATE-----
MIIOcTCCDVmgAwIBAgIQalhG/M3eQC4QyUxaypIUtzANBgkqhkiG9w0BAQsFADBG
MQswCQYDVQQGEwJVUzEiMCAGA1UEChMZR29vZ2xlIFRydXN0IFNlcnZpY2VzIExM
QzETMBEGA1UEAxMKR1RTIENBIDFDMzAeFw0yMzExMjAwODAyNTVaFw0yNDAyMTIw
ODAyNTRaMBcxFTATBgNVBAMMDCouZ29vZ2xlLmNvbTBZMBMGByqGSM49AgEGCCqG
SM49AwEHA0IABHoPGkE6IqzFZ5fwWMjZ0Y3ZYLSXQczdd1QQtzZfti+nGQCizZu4
f4wBc4+jpb22mdwMAGbD4qWWXfdG+GjK4fCjggxTMIIMTzAOBgNVHQ8BAf8EBAMC
B4AwEwYDVR0lBAwwCgYIKwYBBQUHAwEwDAYDVR0TAQH/BAIwADAdBgNVHQ4EFgQU
YlkUKb4fDgXAjmrnViKxLBOyHlowHwYDVR0jBBgwFoAUinR/r4XN7pXNPZzQ4kYU
83E1HScwagYIKwYBBQUHAQEEXjBcMCcGCCsGAQUFBzABhhtodHRwOi8vb2NzcC5w
a2kuZ29vZy9ndHMxYzMwMQYIKwYBBQUHMAKGJWh0dHA6Ly9wa2kuZ29vZy9yZXBv
L2NlcnRzL2d0czFjMy5kZXIwggoDBgNVHREEggn6MIIJ9oIMKi5nb29nbGUuY29t
ghYqLmFwcGVuZ2luZS5nb29nbGUuY29tggkqLmJkbi5kZXaCFSoub3JpZ2luLXRl
c3QuYmRuLmRldoISKi5jbG91ZC5nb29nbGUuY29tghgqLmNyb3dkc291cmNlLmdv
b2dsZS5jb22CGCouZGF0YWNvbXB1dGUuZ29vZ2xlLmNvbYILKi5nb29nbGUuY2GC
CyouZ29vZ2xlLmNsgg4qLmdvb2dsZS5jby5pboIOKi5nb29nbGUuY28uanCCDiou
Z29vZ2xlLmNvLnVrgg8qLmdvb2dsZS5jb20uYXKCDyouZ29vZ2xlLmNvbS5hdYIP
Ki5nb29nbGUuY29tLmJygg8qLmdvb2dsZS5jb20uY2+CDyouZ29vZ2xlLmNvbS5t
eIIPKi5nb29nbGUuY29tLnRygg8qLmdvb2dsZS5jb20udm6CCyouZ29vZ2xlLmRl
ggsqLmdvb2dsZS5lc4ILKi5nb29nbGUuZnKCCyouZ29vZ2xlLmh1ggsqLmdvb2ds
ZS5pdIILKi5nb29nbGUubmyCCyouZ29vZ2xlLnBsggsqLmdvb2dsZS5wdIISKi5n
b29nbGVhZGFwaXMuY29tgg8qLmdvb2dsZWFwaXMuY26CESouZ29vZ2xldmlkZW8u
Y29tggwqLmdzdGF0aWMuY26CECouZ3N0YXRpYy1jbi5jb22CD2dvb2dsZWNuYXBw
cy5jboIRKi5nb29nbGVjbmFwcHMuY26CEWdvb2dsZWFwcHMtY24uY29tghMqLmdv
b2dsZWFwcHMtY24uY29tggxna2VjbmFwcHMuY26CDiouZ2tlY25hcHBzLmNughJn
b29nbGVkb3dubG9hZHMuY26CFCouZ29vZ2xlZG93bmxvYWRzLmNughByZWNhcHRj
aGEubmV0LmNughIqLnJlY2FwdGNoYS5uZXQuY26CEHJlY2FwdGNoYS1jbi5uZXSC
EioucmVjYXB0Y2hhLWNuLm5ldIILd2lkZXZpbmUuY26CDSoud2lkZXZpbmUuY26C
EWFtcHByb2plY3Qub3JnLmNughMqLmFtcHByb2plY3Qub3JnLmNughFhbXBwcm9q
ZWN0Lm5ldC5jboITKi5hbXBwcm9qZWN0Lm5ldC5jboIXZ29vZ2xlLWFuYWx5dGlj
cy1jbi5jb22CGSouZ29vZ2xlLWFuYWx5dGljcy1jbi5jb22CF2dvb2dsZWFkc2Vy
dmljZXMtY24uY29tghkqLmdvb2dsZWFkc2VydmljZXMtY24uY29tghFnb29nbGV2
YWRzLWNuLmNvbYITKi5nb29nbGV2YWRzLWNuLmNvbYIRZ29vZ2xlYXBpcy1jbi5j
b22CEyouZ29vZ2xlYXBpcy1jbi5jb22CFWdvb2dsZW9wdGltaXplLWNuLmNvbYIX
Ki5nb29nbGVvcHRpbWl6ZS1jbi5jb22CEmRvdWJsZWNsaWNrLWNuLm5ldIIUKi5k
b3VibGVjbGljay1jbi5uZXSCGCouZmxzLmRvdWJsZWNsaWNrLWNuLm5ldIIWKi5n
LmRvdWJsZWNsaWNrLWNuLm5ldIIOZG91YmxlY2xpY2suY26CECouZG91YmxlY2xp
Y2suY26CFCouZmxzLmRvdWJsZWNsaWNrLmNughIqLmcuZG91YmxlY2xpY2suY26C
EWRhcnRzZWFyY2gtY24ubmV0ghMqLmRhcnRzZWFyY2gtY24ubmV0gh1nb29nbGV0
cmF2ZWxhZHNlcnZpY2VzLWNuLmNvbYIfKi5nb29nbGV0cmF2ZWxhZHNlcnZpY2Vz
LWNuLmNvbYIYZ29vZ2xldGFnc2VydmljZXMtY24uY29tghoqLmdvb2dsZXRhZ3Nl
cnZpY2VzLWNuLmNvbYIXZ29vZ2xldGFnbWFuYWdlci1jbi5jb22CGSouZ29vZ2xl
dGFnbWFuYWdlci1jbi5jb22CGGdvb2dsZXN5bmRpY2F0aW9uLWNuLmNvbYIaKi5n
b29nbGVzeW5kaWNhdGlvbi1jbi5jb22CJCouc2FmZWZyYW1lLmdvb2dsZXN5bmRp
Y2F0aW9uLWNuLmNvbYIWYXBwLW1lYXN1cmVtZW50LWNuLmNvbYIYKi5hcHAtbWVh
c3VyZW1lbnQtY24uY29tggtndnQxLWNuLmNvbYINKi5ndnQxLWNuLmNvbYILZ3Z0
Mi1jbi5jb22CDSouZ3Z0Mi1jbi5jb22CCzJtZG4tY24ubmV0gg0qLjJtZG4tY24u
bmV0ghRnb29nbGVmbGlnaHRzLWNuLm5ldIIWKi5nb29nbGVmbGlnaHRzLWNuLm5l
dIIMYWRtb2ItY24uY29tgg4qLmFkbW9iLWNuLmNvbYIUZ29vZ2xlc2FuZGJveC1j
bi5jb22CFiouZ29vZ2xlc2FuZGJveC1jbi5jb22CHiouc2FmZW51cC5nb29nbGVz
YW5kYm94LWNuLmNvbYINKi5nc3RhdGljLmNvbYIUKi5tZXRyaWMuZ3N0YXRpYy5j
b22CCiouZ3Z0MS5jb22CESouZ2NwY2RuLmd2dDEuY29tggoqLmd2dDIuY29tgg4q
LmdjcC5ndnQyLmNvbYIQKi51cmwuZ29vZ2xlLmNvbYIWKi55b3V0dWJlLW5vY29v
a2llLmNvbYILKi55dGltZy5jb22CC2FuZHJvaWQuY29tgg0qLmFuZHJvaWQuY29t
ghMqLmZsYXNoLmFuZHJvaWQuY29tggRnLmNuggYqLmcuY26CBGcuY2+CBiouZy5j
b4IGZ29vLmdsggp3d3cuZ29vLmdsghRnb29nbGUtYW5hbHl0aWNzLmNvbYIWKi5n
b29nbGUtYW5hbHl0aWNzLmNvbYIKZ29vZ2xlLmNvbYISZ29vZ2xlY29tbWVyY2Uu
Y29tghQqLmdvb2dsZWNvbW1lcmNlLmNvbYIIZ2dwaHQuY26CCiouZ2dwaHQuY26C
CnVyY2hpbi5jb22CDCoudXJjaGluLmNvbYIIeW91dHUuYmWCC3lvdXR1YmUuY29t
gg0qLnlvdXR1YmUuY29tghR5b3V0dWJlZWR1Y2F0aW9uLmNvbYIWKi55b3V0dWJl
ZWR1Y2F0aW9uLmNvbYIPeW91dHViZWtpZHMuY29tghEqLnlvdXR1YmVraWRzLmNv
bYIFeXQuYmWCByoueXQuYmWCGmFuZHJvaWQuY2xpZW50cy5nb29nbGUuY29tghtk
ZXZlbG9wZXIuYW5kcm9pZC5nb29nbGUuY26CHGRldmVsb3BlcnMuYW5kcm9pZC5n
b29nbGUuY26CGHNvdXJjZS5hbmRyb2lkLmdvb2dsZS5jboIaZGV2ZWxvcGVyLmNo
cm9tZS5nb29nbGUuY26CGHdlYi5kZXZlbG9wZXJzLmdvb2dsZS5jbjAhBgNVHSAE
GjAYMAgGBmeBDAECATAMBgorBgEEAdZ5AgUDMDwGA1UdHwQ1MDMwMaAvoC2GK2h0
dHA6Ly9jcmxzLnBraS5nb29nL2d0czFjMy96ZEFUdDBFeF9Gay5jcmwwggEEBgor
BgEEAdZ5AgQCBIH1BIHyAPAAdQDuzdBk1dsazsVct520zROiModGfLzs3sNRSFlG
cR+1mwAAAYvr9/waAAAEAwBGMEQCID9I2n8NMuW1FzELcE7P9sHblVs55lAY8A6D
7V6BQ0LnAiBYkt0j/1BZvc1UnUXRVDPmKbrMm7IbpxzfFGBgrW3+YAB3ADtTd3U+
LbmAToswWwb+QDtn2E/D9Me9AA0tcm/h+tQXAAABi+v3/CwAAAQDAEgwRgIhAOYr
scD5NsF+dt+0biySzR8rsOaEe2Swe4/dP2L6EROvAiEAstqe1TBeB5k9AKGqjMyd
JbjpysfDhK9uW8LqkdqrZ5wwDQYJKoZIhvcNAQELBQADggEBALziHpe+3YavEmr4
wjPiI62LsmHxZ0D7xQxqxT86dcLA/6eAcbDN3F5GQz3l9eVIcpNjDv2wc+x83VJy
wwqxh97qg4CWRxHN897S+dnVCKiTotaQpN08p6vQvz8B7c1nF98G2RGDCZCL3Xqk
ABCeVomXdVFXIBwnKC1dtYAwjrIj8wSjNQRhPCiGo0+3DmcUwnQLcY1X+Z+hUtCj
65o256jt1jc3l/N4DIe2wX0YTnz4D0egop2vswvK8zr/GyMMFM7ejX5wPACWA+Ad
7tFwkSpsZUL+Mm+/hnQjhMurPyYpDyAKJFIWPh4hjdmajrUfWoT54nTQ/52cnmuq
GLPRZMQ=
-----END CERTIFICATE-----","-----BEGIN PUBLIC KEY-----
MFkwEwYHKoZIzj0CAQYIKoZIzj0DAQcDQgAEeg8aQToirMVnl/BYyNnRjdlgtJdB
zN13VBC3Nl+2L6cZAKLNm7h/jAFzj6OlvbaZ3AwAZsPipZZd90b4aMrh8A==
-----END PUBLIC KEY-----
",*.google.com,Google Trust Services LLC,
"-----BEGIN CERTIFICATE-----
MIIKOzCCCSOgAwIBAgIQDlnyZvBeKjgHm1jJ++CbgDANBgkqhkiG9w0BAQsFADBE
MQswCQYDVQQGEwJVUzEVMBMGA1UEChMMRGlnaUNlcnQgSW5jMR4wHAYDVQQDExVE
aWdpQ2VydCBHbG9iYWwgQ0EgRzIwHhcNMjMwNzE1MDAwMDAwWhcNMjQwMzIyMjM1
OTU5WjAYMRYwFAYDVQQDDA0qLnBlZy5hMnouY29tMIIBIjANBgkqhkiG9w0BAQEF
AAOCAQ8AMIIBCgKCAQEA6Doh16gCJSMA0ERFn98NOqXiwjdScWGDB2Dd/rruEZKM
J8X+eIO+mOJLekHP6ehVA4ylYJKc9Gi6kwYX6QQZRn2wAGEsjxNWkDtHdvsaOVIQ
+47Aw+nYsQbgQe/3qTwp4kszDw9JTeiuYS8tAlJQxNWC7EnVP7ITqhBdsVBKcjzg
un2oDR2Uz76tMU61EP/75/NftJjWm9PzMwTaXpU7QMYKkBMKl7Bm7jZE/90PSuFf
91uK6R8ue3x4cnF+kRCE+skMMzmGs73Mw9siBhEf7ioRRh6R/9tVuWsB0gVu/Lwl
PTV/KXIG1zXJgV0mTmVv5lzrA0YqlYxkO2qBm7AW6wIDAQABo4IHUzCCB08wHwYD
VR0jBBgwFoAUJG4rLdBqklFRJWkBqppHponnQCAwHQYDVR0OBBYEFC8y1e0QzcYZ
LTjnJIPbk6LhkGagMIIEHwYDVR0RBIIEFjCCBBKCDGFtYXpvbi5jby51a4ITdWVk
YXRhLmFtYXpvbi5jby51a4IQd3d3LmFtYXpvbi5jby51a4IXb3JpZ2luLXd3dy5h
bWF6b24uY28udWuCDSoucGVnLmEyei5jb22CCmFtYXpvbi5jb22CCGFtem4uY29t
ghF1ZWRhdGEuYW1hem9uLmNvbYINdXMuYW1hem9uLmNvbYIOd3d3LmFtYXpvbi5j
b22CDHd3dy5hbXpuLmNvbYIUY29ycG9yYXRlLmFtYXpvbi5jb22CEWJ1eWJveC5h
bWF6b24uY29tghFpcGhvbmUuYW1hem9uLmNvbYINeXAuYW1hem9uLmNvbYIPaG9t
ZS5hbWF6b24uY29tghVvcmlnaW4td3d3LmFtYXpvbi5jb22CFm9yaWdpbjItd3d3
LmFtYXpvbi5jb22CIWJ1Y2tleWUtcmV0YWlsLXdlYnNpdGUuYW1hem9uLmNvbYIS
aHVkZGxlcy5hbWF6b24uY29tgglhbWF6b24uZGWCDXd3dy5hbWF6b24uZGWCFG9y
aWdpbi13d3cuYW1hem9uLmRlggxhbWF6b24uY28uanCCCWFtYXpvbi5qcIINd3d3
LmFtYXpvbi5qcIIQd3d3LmFtYXpvbi5jby5qcIIXb3JpZ2luLXd3dy5hbWF6b24u
Y28uanCCECouYWEucGVnLmEyei5jb22CECouYWIucGVnLmEyei5jb22CECouYWMu
cGVnLmEyei5jb22CGG9yaWdpbi13d3cuYW1hem9uLmNvbS5hdYIRd3d3LmFtYXpv
bi5jb20uYXWCECouYnoucGVnLmEyei5jb22CDWFtYXpvbi5jb20uYXWCGG9yaWdp
bjItd3d3LmFtYXpvbi5jby5qcIItZWRnZWZsb3cuYWVyby40ZDVhZDFkMmItZnJv
bnRpZXIuYW1hem9uLmNvLmpwgi5lZGdlZmxvdy5hZXJvLjA0ZjAxYTg1ZS1mcm9u
dGllci5hbWF6b24uY29tLmF1gitlZGdlZmxvdy5hZXJvLjQ3Y2YyYzhjOS1mcm9u
dGllci5hbWF6b24uY29tgiplZGdlZmxvdy5hZXJvLmFiZTJjMmYyMy1mcm9udGll
ci5hbWF6b24uZGWCLWVkZ2VmbG93LmFlcm8uYmZiZGMzY2ExLWZyb250aWVyLmFt
YXpvbi5jby51a4IwZWRnZWZsb3ctZHAuYWVyby40ZDVhZDFkMmItZnJvbnRpZXIu
YW1hem9uLmNvLmpwgjFlZGdlZmxvdy1kcC5hZXJvLjA0ZjAxYTg1ZS1mcm9udGll
ci5hbWF6b24uY29tLmF1gi5lZGdlZmxvdy1kcC5hZXJvLjQ3Y2YyYzhjOS1mcm9u
dGllci5hbWF6b24uY29tMA4GA1UdDwEB/wQEAwIFoDAdBgNVHSUEFjAUBggrBgEF
BQcDAQYIKwYBBQUHAwIwdwYDVR0fBHAwbjA1oDOgMYYvaHR0cDovL2NybDMuZGln
aWNlcnQuY29tL0RpZ2lDZXJ0R2xvYmFsQ0FHMi5jcmwwNaAzoDGGL2h0dHA6Ly9j
cmw0LmRpZ2ljZXJ0LmNvbS9EaWdpQ2VydEdsb2JhbENBRzIuY3JsMD4GA1UdIAQ3
MDUwMwYGZ4EMAQIBMCkwJwYIKwYBBQUHAgEWG2h0dHA6Ly93d3cuZGlnaWNlcnQu
Y29tL0NQUzB0BggrBgEFBQcBAQRoMGYwJAYIKwYBBQUHMAGGGGh0dHA6Ly9vY3Nw
LmRpZ2ljZXJ0LmNvbTA+BggrBgEFBQcwAoYyaHR0cDovL2NhY2VydHMuZGlnaWNl
cnQuY29tL0RpZ2lDZXJ0R2xvYmFsQ0FHMi5jcnQwDAYDVR0TAQH/BAIwADCCAXwG
CisGAQQB1nkCBAIEggFsBIIBaAFmAHYAdv+IPwq2+5VRwmHM9Ye6NLSkzbsp3GhC
Cp/mZ0xaOnQAAAGJV5YiqQAABAMARzBFAiEAs0PbP/LTZ3WHCdNd1r+CTOsuD7ed
22xnclK0ojXH3n0CIDBkiPioVyteDDO8RoxT3mVeTkT4tkjCFF54lDtuD24LAHUA
2ra/az+1tiKfm8K7XGvocJFxbLtRhIU0vaQ9MEjX+6sAAAGJV5YifgAABAMARjBE
AiALHEYs/D/8DKIyW2ti2hU8XECyiOPKVG+/DI7omuUtdQIgHykINx5iVMmqkAAk
rRP8f9+JeKRo+1nhYXoTZsT1XxYAdQA7U3d1Pi25gE6LMFsG/kA7Z9hPw/THvQAN
LXJv4frUFwAAAYlXliKzAAAEAwBGMEQCIE1MnYIbUoWa1QJbVuori4+lN+x+kiVj
NW3nWtGCj4o3AiBSmicWl8MUjAM4WvxLRnS8N/wxJVx0/qQddiKc9kWuIzANBgkq
hkiG9w0BAQsFAAOCAQEAtrnYQsxBr68R94R2Vg2x9VjkxpxDWjGneKaWM+DsEEi0
P5bv6hajNXN1DzkC8TFBviwBTEtcWwEUsM3Z7KNuduLlhv8QziKWdecz/foZkrJH
ZD+S6NGb6Xxm4bcUqKeHlYVfhVdK4UwpWLWjdBDJ90oiaLNvaGJNS35Kq0HP9zlY
F8PwiJNVFc3wtMjsxBtVSmjA6ClEaoX7CBojjptnc2gHnc2gMOIbxxdqu3o33SKV
DfEY4JE+OSrxKZUeX4uU8DM0dyZE0v/ID0DHOLSzmDDuaDF00YZU/niD5jntCDVx
5KjJIfMyy2OB69kiVncD1qAMZUHykpq/G+7wA8gXDA==
-----END CERTIFICATE-----","-----BEGIN PUBLIC KEY-----
MIIBIjANBgkqhkiG9w0BAQEFAAOCAQ8AMIIBCgKCAQEA6Doh16gCJSMA0ERFn98N
OqXiwjdScWGDB2Dd/rruEZKMJ8X+eIO+mOJLekHP6ehVA4ylYJKc9Gi6kwYX6QQZ
Rn2wAGEsjxNWkDtHdvsaOVIQ+47Aw+nYsQbgQe/3qTwp4kszDw9JTeiuYS8tAlJQ
xNWC7EnVP7ITqhBdsVBKcjzgun2oDR2Uz76tMU61EP/75/NftJjWm9PzMwTaXpU7
QMYKkBMKl7Bm7jZE/90PSuFf91uK6R8ue3x4cnF+kRCE+skMMzmGs73Mw9siBhEf
7ioRRh6R/9tVuWsB0gVu/LwlPTV/KXIG1zXJgV0mTmVv5lzrA0YqlYxkO2qBm7AW
6wIDAQAB
-----END PUBLIC KEY-----
",*.peg.a2z.com,DigiCert Inc,29315952806817318369711531356042676518087422188308174096964836907336599095257949330906880674004608203887338004550114842666971947204916375055904600253762532330612757499734126995672502273080306362494136325117300687668482949661715764149693484307228726823783189324766058356853066031748344800774044739263463688018383699569562723596670264620937775770831992415273311087806573206420612353081437150747398681904633185028997375160615065596539333025918814967433947029456255891552713807572380133373477296332998061709211368311860346085272058173937733012472976967761624643111133465126616178537181555637363872111573728020114221045483
"-----BEGIN CERTIFICATE-----
MIIISzCCB9GgAwIBAgIQB0GeOVg6THbPHqFDR/pfOjAKBggqhkjOPQQDAzBWMQsw
CQYDVQQGEwJVUzEVMBMGA1UEChMMRGlnaUNlcnQgSW5jMTAwLgYDVQQDEydEaWdp
Q2VydCBUTFMgSHlicmlkIEVDQyBTSEEzODQgMjAyMCBDQTEwHhcNMjMxMDE4MDAw
MDAwWhcNMjQxMDE2MjM1OTU5WjB5MQswCQYDVQQGEwJVUzETMBEGA1UECBMKQ2Fs
aWZvcm5pYTEWMBQGA1UEBxMNU2FuIEZyYW5jaXNjbzEjMCEGA1UEChMaV2lraW1l
ZGlhIEZvdW5kYXRpb24sIEluYy4xGDAWBgNVBAMMDyoud2lraXBlZGlhLm9yZzBZ
MBMGByqGSM49AgEGCCqGSM49AwEHA0IABDVh9CEa/2rEO/oGR8YZbr5wOPHcFrG8
OBQS1BQrHAsxgVn1Z/bnKtE8Hvqup+0GXdZvXYlMa8iw4A+Dz/XTitqjggZcMIIG
WDAfBgNVHSMEGDAWgBQKvAgpF4ylOW16Ds4zxy6z7fvDejAdBgNVHQ4EFgQUyqwM
Z6LjhkM/u0PnQdmhhzp43TMwggLtBgNVHREEggLkMIIC4IIPKi53aWtpcGVkaWEu
b3Jngg13aWtpbWVkaWEub3Jngg1tZWRpYXdpa2kub3Jngg13aWtpYm9va3Mub3Jn
ggx3aWtpZGF0YS5vcmeCDHdpa2luZXdzLm9yZ4INd2lraXF1b3RlLm9yZ4IOd2lr
aXNvdXJjZS5vcmeCD3dpa2l2ZXJzaXR5Lm9yZ4IOd2lraXZveWFnZS5vcmeCDndp
a3Rpb25hcnkub3Jnghd3aWtpbWVkaWFmb3VuZGF0aW9uLm9yZ4IGdy53aWtpghJ3
bWZ1c2VyY29udGVudC5vcmeCESoubS53aWtpcGVkaWEub3Jngg8qLndpa2ltZWRp
YS5vcmeCESoubS53aWtpbWVkaWEub3JnghYqLnBsYW5ldC53aWtpbWVkaWEub3Jn
gg8qLm1lZGlhd2lraS5vcmeCESoubS5tZWRpYXdpa2kub3Jngg8qLndpa2lib29r
cy5vcmeCESoubS53aWtpYm9va3Mub3Jngg4qLndpa2lkYXRhLm9yZ4IQKi5tLndp
a2lkYXRhLm9yZ4IOKi53aWtpbmV3cy5vcmeCECoubS53aWtpbmV3cy5vcmeCDyou
d2lraXF1b3RlLm9yZ4IRKi5tLndpa2lxdW90ZS5vcmeCECoud2lraXNvdXJjZS5v
cmeCEioubS53aWtpc291cmNlLm9yZ4IRKi53aWtpdmVyc2l0eS5vcmeCEyoubS53
aWtpdmVyc2l0eS5vcmeCECoud2lraXZveWFnZS5vcmeCEioubS53aWtpdm95YWdl
Lm9yZ4IQKi53aWt0aW9uYXJ5Lm9yZ4ISKi5tLndpa3Rpb25hcnkub3JnghkqLndp
a2ltZWRpYWZvdW5kYXRpb24ub3JnghQqLndtZnVzZXJjb250ZW50Lm9yZ4INd2lr
aXBlZGlhLm9yZ4IRd2lraWZ1bmN0aW9ucy5vcmeCEyoud2lraWZ1bmN0aW9ucy5v
cmcwPgYDVR0gBDcwNTAzBgZngQwBAgIwKTAnBggrBgEFBQcCARYbaHR0cDovL3d3
dy5kaWdpY2VydC5jb20vQ1BTMA4GA1UdDwEB/wQEAwIDiDAdBgNVHSUEFjAUBggr
BgEFBQcDAQYIKwYBBQUHAwIwgZsGA1UdHwSBkzCBkDBGoESgQoZAaHR0cDovL2Ny
bDMuZGlnaWNlcnQuY29tL0RpZ2lDZXJ0VExTSHlicmlkRUNDU0hBMzg0MjAyMENB
MS0xLmNybDBGoESgQoZAaHR0cDovL2NybDQuZGlnaWNlcnQuY29tL0RpZ2lDZXJ0
VExTSHlicmlkRUNDU0hBMzg0MjAyMENBMS0xLmNybDCBhQYIKwYBBQUHAQEEeTB3
MCQGCCsGAQUFBzABhhhodHRwOi8vb2NzcC5kaWdpY2VydC5jb20wTwYIKwYBBQUH
MAKGQ2h0dHA6Ly9jYWNlcnRzLmRpZ2ljZXJ0LmNvbS9EaWdpQ2VydFRMU0h5YnJp
ZEVDQ1NIQTM4NDIwMjBDQTEtMS5jcnQwDAYDVR0TAQH/BAIwADCCAYAGCisGAQQB
1nkCBAIEggFwBIIBbAFqAHcA7s3QZNXbGs7FXLedtM0TojKHRny87N7DUUhZRnEf
tZsAAAGLQ1J6cgAABAMASDBGAiEA5reeeuLSzGPvJQ5hT3Bd8aOVxmIltXMTLhY6
19qDGWUCIQDO0LMbF3s42tyxgFIOt7rVOpsHe9Sy0wFQQj8BWO0LIQB2AEiw42va
pkc0D+VqAvqdMOscUgHLVt0sgdm7v6s52IRzAAABi0NSegEAAAQDAEcwRQIgYJdu
BrioIun6FTeQhDxqK2eyZehguOkxScS3nwsGSakCIQC1FyuCpm+QQBRJFSTAnStR
iP+hgGIhgzyZ837usahB0QB3ANq2v2s/tbYin5vCu1xr6HCRcWy7UYSFNL2kPTBI
1/urAAABi0NSeg8AAAQDAEgwRgIhAOm1GvY8M4V+tUyjV9/PCj8rcWHUOvfY0a/o
nsKg/bitAiEA1Vm1pP8CDp7hGcQzBBTscpCVebzWCe8DK231mtv97QUwCgYIKoZI
zj0EAwMDaAAwZQIwKuOOLjmwGgtjG6SASF4W2e8KtQZANRsYXMXJDGwBCi9fM7Qy
S9dvlFLwrcDg1gxlAjEA5XwJikbpk/qyQerzeUspuZKhqh1KPuj2uBdp8vicuBxu
TJUd1W+d3LmikOUgGzil
-----END CERTIFICATE-----","-----BEGIN PUBLIC KEY-----
MFkwEwYHKoZIzj0CAQYIKoZIzj0DAQcDQgAENWH0IRr/asQ7+gZHxhluvnA48dwW
sbw4FBLUFCscCzGBWfVn9ucq0Twe+q6n7QZd1m9diUxryLDgD4PP9dOK2g==
-----END PUBLIC KEY-----
",*.wikipedia.org,DigiCert Inc,
"-----BEGIN CERTIFICATE-----
MIIG+DCCBeCgAwIBAgIQCgQQCKi4nVyBVR8+rDniJjANBgkqhkiG9w0BAQsFADBZ
MQswCQYDVQQGEwJVUzEVMBMGA1UEChMMRGlnaUNlcnQgSW5jMTMwMQYDVQQDEypE
aWdpQ2VydCBHbG9iYWwgRzIgVExTIFJTQSBTSEEyNTYgMjAyMCBDQTEwHhcNMjMw
OTE5MDAwMDAwWhcNMjQwOTE3MjM1OTU5WjBoMQswCQYDVQQGEwJVUzETMBEGA1UE
CBMKQ2FsaWZvcm5pYTEWMBQGA1UEBxMNU2FuIEZyYW5jaXNjbzEWMBQGA1UEChMN
VHdpdHRlciwgSW5jLjEUMBIGA1UEAxMLdHdpdHRlci5jb20wggEiMA0GCSqGSIb3
DQEBAQUAA4IBDwAwggEKAoIBAQCeMAOdCdx3t7ulg17WDpKxZ9UqyQj6PDRnHLmw
FcJPRca3TLBh2RYz/84Hk+8ZOwE/3k87K5heSc62PvTS/b5eg7NliRaJm4fOet0X
0ekUmvER5mw5QzVr2WdZzEGdbWbPRccHskXfrjaUTNlr+x269tGzJAR2jBxys56i
g2wMQ9BL1sLhwb8jltjL4CXmdH5QPrH/0o3oqGdZELfyT6fIC5o6joD8HAt7tdfe
sW6E389TeCTXfSv0JS0mxYVY1KziotrSwMp9sFQD9jepvSNp3NNXSthlkn4Vji2R
uM2cNq/pgA8YZfVoBaTrI8wqL693p7Yp2FI3KMH5SK/tcbMTAgMBAAGjggOrMIID
pzAfBgNVHSMEGDAWgBR0hYDAZsffN97PvSk3qgMdvu3NFzAdBgNVHQ4EFgQUpNOc
bueNK5O1Zv3OIytmaFkM7McwOQYDVR0RBDIwMIILdHdpdHRlci5jb22CD3d3dy50
d2l0dGVyLmNvbYIFeC5jb22CCXd3dy54LmNvbTA+BgNVHSAENzA1MDMGBmeBDAEC
AjApMCcGCCsGAQUFBwIBFhtodHRwOi8vd3d3LmRpZ2ljZXJ0LmNvbS9DUFMwDgYD
VR0PAQH/BAQDAgWgMB0GA1UdJQQWMBQGCCsGAQUFBwMBBggrBgEFBQcDAjCBnwYD
VR0fBIGXMIGUMEigRqBEhkJodHRwOi8vY3JsMy5kaWdpY2VydC5jb20vRGlnaUNl
cnRHbG9iYWxHMlRMU1JTQVNIQTI1NjIwMjBDQTEtMS5jcmwwSKBGoESGQmh0dHA6
Ly9jcmw0LmRpZ2ljZXJ0LmNvbS9EaWdpQ2VydEdsb2JhbEcyVExTUlNBU0hBMjU2
MjAyMENBMS0xLmNybDCBhwYIKwYBBQUHAQEEezB5MCQGCCsGAQUFBzABhhhodHRw
Oi8vb2NzcC5kaWdpY2VydC5jb20wUQYIKwYBBQUHMAKGRWh0dHA6Ly9jYWNlcnRz
LmRpZ2ljZXJ0LmNvbS9EaWdpQ2VydEdsb2JhbEcyVExTUlNBU0hBMjU2MjAyMENB
MS0xLmNydDAMBgNVHRMBAf8EAjAAMIIBfwYKKwYBBAHWeQIEAgSCAW8EggFrAWkA
dgDuzdBk1dsazsVct520zROiModGfLzs3sNRSFlGcR+1mwAAAYquZIsBAAAEAwBH
MEUCIQDC6jdCzTLhkjkbOCkmo0QYr4weQxdZXYf8FzAdoJhvgAIgAtBa64LByvr1
qHcCZfBwXFZ9qu15AmTxb8QATbT/DeUAdgBIsONr2qZHNA/lagL6nTDrHFIBy1bd
LIHZu7+rOdiEcwAAAYquZItOAAAEAwBHMEUCIC2/lJbnpQyDAHH5g+C7qVoD+7Tv
2VGGLEw8/LCCfkD7AiEAowVjbCz4vIdJLHDIeK4HGRCj8PrZiex0nlMWh26MwIEA
dwDatr9rP7W2Ip+bwrtca+hwkXFsu1GEhTS9pD0wSNf7qwAAAYquZIsqAAAEAwBI
MEYCIQCf+Qi09OBg6aL/YHn7nn+4w3D9/wW+GkZYvq08qXeSVgIhAMGCccBnnngP
/W/n4RMoP/uVlx/GPTdvAtBPXef9K7CYMA0GCSqGSIb3DQEBCwUAA4IBAQCQHEBB
5LhqByYEUe7KwVaOGalis1JWKQrFXAxuXSX6MfBrpc6AWnX60AZ6QwupIiflXaO+
phMPW/Ktgnr6DxachHvborRxBOXf5RN4RFcsX0YSTYwEysGMO6Y6CZ+PAi0JSeR4
bjsQjDjFeK5VR/pSNVJeutlJ7rhU/tZ7qle06B9vWgaFViaGBjoeqf6h/0LwW+un
H3FP587oSCOZJW9lkS4XXwIQcoHkkvegkRMYIZV7UJCX3hETEfYo7VqsX7ssHdVQ
PErMY1yqVxaA3JVYlfRkN4OVn4STeFXlZTpiIGeEQByS4ESY7xdGHKdv6eZM0RiA
cx8GFWIa1wDLjP4x
-----END CERTIFICATE-----","-----BEGIN PUBLIC KEY-----
MIIBIjANBgkqhkiG9w0BAQEFAAOCAQ8AMIIBCgKCAQEAnjADnQncd7e7pYNe1g6S
sWfVKskI+jw0Zxy5sBXCT0XGt0ywYdkWM//OB5PvGTsBP95POyuYXknOtj700v2+
XoOzZYkWiZuHznrdF9HpFJrxEeZsOUM1a9lnWcxBnW1mz0XHB7JF3642lEzZa/sd
uvbRsyQEdowccrOeooNsDEPQS9bC4cG/I5bYy+Al5nR+UD6x/9KN6KhnWRC38k+n
yAuaOo6A/BwLe7XX3rFuhN/PU3gk130r9CUtJsWFWNSs4qLa0sDKfbBUA/Y3qb0j
adzTV0rYZZJ+FY4tkbjNnDav6YAPGGX1aAWk6yPMKi+vd6e2KdhSNyjB+Uiv7XGz
EwIDAQAB
-----END PUBLIC KEY-----
",twitter.com,DigiCert Inc,19969328827168365397746545266996764358845875631801697176625023028135057478860146798271487667789364793237513343879805524916863933426976901537271474887897033601877478476831370301968189720576312652165188758182581458871330520870015712861968232517609249674116454877667433252739953137241801662916273738129980837750156939245976078736168593097192608184395144713916216556688669708720941628133952580683682810600425944230587049693116336135255777322185214895576466245437088245695964666444790888532628740421775639569902414305005571574611918411433349739223827277984168791930983593919772826653212209821800578134878598819259157164819
"-----BEGIN CERTIFICATE-----
MIIGaDCCBVCgAwIBAgIQCbdQvUJG6DgMFm1BBWZKNzANBgkqhkiG9w0BAQsFADBw
MQswCQYDVQQGEwJVUzEVMBMGA1UEChMMRGlnaUNlcnQgSW5jMRkwFwYDVQQLExB3
d3cuZGlnaWNlcnQuY29tMS8wLQYDVQQDEyZEaWdpQ2VydCBTSEEyIEhpZ2ggQXNz
dXJhbmNlIFNlcnZlciBDQTAeFw0yMzEwMDcwMDAwMDBaFw0yNDAxMDUyMzU5NTla
MHAxCzAJBgNVBAYTAlVTMRMwEQYDVQQIEwpDYWxpZm9ybmlhMRMwEQYDVQQHEwpN
ZW5sbyBQYXJrMR0wGwYDVQQKExRNZXRhIFBsYXRmb3JtcywgSW5jLjEYMBYGA1UE
AwwPKi5pbnN0YWdyYW0uY29tMFkwEwYHKoZIzj0CAQYIKoZIzj0DAQcDQgAEG0U3
nGN4Dja1AwtXhLxl+YMpVQM3zwFhNIZSYFyUkf2EGxE8rBZeedKUXARksEvTry8x
ME2wEjwIQKgvXDfPh6OCA8cwggPDMB8GA1UdIwQYMBaAFFFo/5CvAgd1PMzZZWRi
ohK4WXI7MB0GA1UdDgQWBBTgvU2K3etfOqkeTEG1N3fFgBnmCzCBgwYDVR0RBHww
eoIPKi5pbnN0YWdyYW0uY29tghIqLmNkbmluc3RhZ3JhbS5jb22CCyouaWdjZG4u
Y29tgg0qLmlnc29uYXIuY29tghBjZG5pbnN0YWdyYW0uY29tgglpZ2Nkbi5jb22C
C2lnc29uYXIuY29tgg1pbnN0YWdyYW0uY29tMD4GA1UdIAQ3MDUwMwYGZ4EMAQIC
MCkwJwYIKwYBBQUHAgEWG2h0dHA6Ly93d3cuZGlnaWNlcnQuY29tL0NQUzAOBgNV
HQ8BAf8EBAMCA4gwHQYDVR0lBBYwFAYIKwYBBQUHAwEGCCsGAQUFBwMCMHUGA1Ud
HwRuMGwwNKAyoDCGLmh0dHA6Ly9jcmwzLmRpZ2ljZXJ0LmNvbS9zaGEyLWhhLXNl
cnZlci1nNi5jcmwwNKAyoDCGLmh0dHA6Ly9jcmw0LmRpZ2ljZXJ0LmNvbS9zaGEy
LWhhLXNlcnZlci1nNi5jcmwwgYMGCCsGAQUFBwEBBHcwdTAkBggrBgEFBQcwAYYY
aHR0cDovL29jc3AuZGlnaWNlcnQuY29tME0GCCsGAQUFBzAChkFodHRwOi8vY2Fj
ZXJ0cy5kaWdpY2VydC5jb20vRGlnaUNlcnRTSEEySGlnaEFzc3VyYW5jZVNlcnZl
ckNBLmNydDAMBgNVHRMBAf8EAjAAMIIBfwYKKwYBBAHWeQIEAgSCAW8EggFrAWkA
dgB2/4g/Crb7lVHCYcz1h7o0tKTNuyncaEIKn+ZnTFo6dAAAAYsHiCD7AAAEAwBH
MEUCIFOS3BRvljw1icEsLERbxx9UcszRyrK/JkDCtXBD+yiCAiEA4LBHVoDMPGPF
spwBS3kcCQDJPHt+kCrvilQHG3N+oSsAdgBIsONr2qZHNA/lagL6nTDrHFIBy1bd
LIHZu7+rOdiEcwAAAYsHiCDjAAAEAwBHMEUCIQC05LVnj7S95qaLCjjJ2uKvmAFo
CJCHMvRbbnGPB8KrjgIgPMRbHQpo/hJ7fDRMT/lmuBxRj/RFZnjhfqhzc9ud77QA
dwDatr9rP7W2Ip+bwrtca+hwkXFsu1GEhTS9pD0wSNf7qwAAAYsHiCDmAAAEAwBI
MEYCIQD04dylR/NwRt2X4cOct1iwQC7K724z4NKnB5zjuQpp6AIhAOv/GUlr8Pqo
p+hmFuV//FbXiwy4bkmkHIrJCfDa1PFwMA0GCSqGSIb3DQEBCwUAA4IBAQBtDMze
YrC/+9JMDQ/HktApkUKUVORvobpIQdDiuddn61cP05vGKSD4/HVymEHcnO8DGzZR
JHZbkg00T/MFKszcCYE68ebg+05y9qTj79l3LLfzFcvzhfOyzXG2f1ad0r52ckct
lvQ/FZes9HgRYEHzezykVHwWwOemJZ5wbed+RzAFRU+BF1VlaMp+tImQzTfFuXyz
FJxtJIaXTpAvPOH/DfxoQW5DS4OTWTSbuV2PAyNAt86ZRKazq04Qf+bSrtRHyDLm
cAsY+6Qxf0s+DIHBCwyX63UvR4MG+EGQub0m0X7sPb7Wb1/QFBowaiGMiD5Bvp6U
0PhsMF1GgiUg6it6
-----END CERTIFICATE-----","-----BEGIN PUBLIC KEY-----
MFkwEwYHKoZIzj0CAQYIKoZIzj0DAQcDQgAEG0U3nGN4Dja1AwtXhLxl+YMpVQM3
zwFhNIZSYFyUkf2EGxE8rBZeedKUXARksEvTry8xME2wEjwIQKgvXDfPhw==
-----END PUBLIC KEY-----
",*.instagram.com,DigiCert Inc,
"-----BEGIN CERTIFICATE-----
MIIJHDCCCASgAwIBAgIQCBnqDuwc8T2PzexiL1IEQTANBgkqhkiG9w0BAQsFADBN
MQswCQYDVQQGEwJVUzEVMBMGA1UEChMMRGlnaUNlcnQgSW5jMScwJQYDVQQDEx5E
aWdpQ2VydCBTSEEyIFNlY3VyZSBTZXJ2ZXIgQ0EwHhcNMjMxMTAzMDAwMDAwWhcN
MjQwNTAzMjM1OTU5WjBwMQswCQYDVQQGEwJVUzETMBEGA1UECBMKQ2FsaWZvcm5p
YTESMBAGA1UEBxMJU3Vubnl2YWxlMR0wGwYDVQQKExRMaW5rZWRJbiBDb3Jwb3Jh
dGlvbjEZMBcGA1UEAxMQd3d3LmxpbmtlZGluLmNvbTCCASIwDQYJKoZIhvcNAQEB
BQADggEPADCCAQoCggEBAL/rBtsoE6LDo8EmlHDitVqp6wehybGbJ/CBYrJOmg03
P8QXOoF+b8skBvTCVjalSqo2zjbO3zct7ApWYbB1ssinfV+asqxPwxr215PS+VNP
bFFXV/n+54PGo0mhkjnChN1FLr37iOR12GjSfe6KYVpiFagAIZX6LZx3ALlJJ4u3
3aXsZZ648wtmHwXYDTHQH4Ijiheoub53lBCFlkngI9Qkn1YBxpgb+qpI7CMj1Rky
JMIrZB1wy0tk1gk8NcpUdncUNgIe39iqn6dlZ+4rLe/XYxxXYAsKniioaVg9NX+j
eQFYesY7vddJ468TKwCpApi6ZPr/m7AlXr7vKbKbGB0CAwEAAaOCBdMwggXPMB8G
A1UdIwQYMBaAFA+AYRyCMWHVLyjnjUY4tCzhxtniMB0GA1UdDgQWBBR8MSIT8yWM
yi2HWJV11FOAZ52grzCCAn0GA1UdEQSCAnQwggJwghB3d3cubGlua2VkaW4uY29t
ggxsaW5rZWRpbi5jb22CFnJ1bTUucGVyZi5saW5rZWRpbi5jb22CFWV4cDQud3d3
LmxpbmtlZGluLmNvbYIVZXhwMy53d3cubGlua2VkaW4uY29tghVleHAyLnd3dy5s
aW5rZWRpbi5jb22CFWV4cDEud3d3LmxpbmtlZGluLmNvbYIWcnVtMi5wZXJmLmxp
bmtlZGluLmNvbYIWcnVtNC5wZXJmLmxpbmtlZGluLmNvbYIWcnVtNi5wZXJmLmxp
bmtlZGluLmNvbYIXcnVtMTcucGVyZi5saW5rZWRpbi5jb22CFnJ1bTgucGVyZi5s
aW5rZWRpbi5jb22CFnJ1bTkucGVyZi5saW5rZWRpbi5jb22CFWFmZC5wZXJmLmxp
bmtlZGluLmNvbYIXcnVtMTQucGVyZi5saW5rZWRpbi5jb22CF3J1bTE4LnBlcmYu
bGlua2VkaW4uY29tghdydW0xOS5wZXJmLmxpbmtlZGluLmNvbYIVZXhwNS53d3cu
bGlua2VkaW4uY29tghlyZWFsdGltZS53d3cubGlua2VkaW4uY29tghNweC5hZHMu
bGlua2VkaW4uY29tghRweDQuYWRzLmxpbmtlZGluLmNvbYITZGMuYWRzLmxpbmtl
ZGluLmNvbYIHbG5rZC5pboIUcHguam9icy5saW5rZWRpbi5jb22CEW1pZDQubGlu
a2VkaW4uY29tghRsYW4uc2RrLmxpbmtlZGluLmNvbYIYd3d3LmxpbmtlZGluLW1l
YXN1cmUuY29tghNzdGF0dXMubGlua2VkaW4uY29tMD4GA1UdIAQ3MDUwMwYGZ4EM
AQICMCkwJwYIKwYBBQUHAgEWG2h0dHA6Ly93d3cuZGlnaWNlcnQuY29tL0NQUzAO
BgNVHQ8BAf8EBAMCBaAwHQYDVR0lBBYwFAYIKwYBBQUHAwEGCCsGAQUFBwMCMIGN
BgNVHR8EgYUwgYIwP6A9oDuGOWh0dHA6Ly9jcmwzLmRpZ2ljZXJ0LmNvbS9EaWdp
Y2VydFNIQTJTZWN1cmVTZXJ2ZXJDQS0xLmNybDA/oD2gO4Y5aHR0cDovL2NybDQu
ZGlnaWNlcnQuY29tL0RpZ2ljZXJ0U0hBMlNlY3VyZVNlcnZlckNBLTEuY3JsMH4G
CCsGAQUFBwEBBHIwcDAkBggrBgEFBQcwAYYYaHR0cDovL29jc3AuZGlnaWNlcnQu
Y29tMEgGCCsGAQUFBzAChjxodHRwOi8vY2FjZXJ0cy5kaWdpY2VydC5jb20vRGln
aUNlcnRTSEEyU2VjdXJlU2VydmVyQ0EtMi5jcnQwDAYDVR0TAQH/BAIwADCCAX0G
CisGAQQB1nkCBAIEggFtBIIBaQFnAHYA7s3QZNXbGs7FXLedtM0TojKHRny87N7D
UUhZRnEftZsAAAGLlU4lCAAABAMARzBFAiB2pdR79GyuEcd08MWD6QVKlzYSFO/u
jaK2OrhrPUbj6wIhALejj13jj2N5o/XfEsm+QCUZ8dsdO4LAWe9XLZ7xAu3GAHUA
SLDja9qmRzQP5WoC+p0w6xxSActW3SyB2bu/qznYhHMAAAGLlU4k3QAABAMARjBE
AiBMAthc8cGDnUtcaEMFKSCs3kLX3gyQwNrCP8cfPeF56gIgeWf2AQmkVsUUn7RO
lgJsVllXdhQQK5Ac9k7w7mz+FC4AdgA7U3d1Pi25gE6LMFsG/kA7Z9hPw/THvQAN
LXJv4frUFwAAAYuVTiUNAAAEAwBHMEUCIQDmPsfu/EbQ+g9MyIwN9LlsSQNdNraM
tXKSzwi0toaE1gIgVH1+DiFJ943AyWjmDB7ZalADbQivei+FDETvIsyR9YgwDQYJ
KoZIhvcNAQELBQADggEBALZv2wivQwm92okxnQrO9XFmSaeqlqYPUL3GAratzj4L
P3j/ucKlZw5tcAf5Mx1Zaz2yMFZcAkmFnXhDPK3HRFV+JjYNKtlbBUa4wnLGuV5L
4oP+RyLs/PgpGnbR/RTxHTAo9U0BKPv81L9Tj77U4/wa8PJ1k2F5ub+to7dH2fc+
Px+7iMGimrX8eDqr06ojDPUmzxByr04Lys/zuWcsRlg2fyU9VnRVQkjNOdJoUrek
52uFml3UEwIo5SA7UF/qc2m9Azk34iDppYs/RtFV4LiXXa4ddR+h4sooz+5gbztX
7cFYsNFLqsq9mLpn5qzwnMjML0JBciZgMwqLKZqG0yM=
-----END CERTIFICATE-----","-----BEGIN PUBLIC KEY-----
MIIBIjANBgkqhkiG9w0BAQEFAAOCAQ8AMIIBCgKCAQEAv+sG2ygTosOjwSaUcOK1
WqnrB6HJsZsn8IFisk6aDTc/xBc6gX5vyyQG9MJWNqVKqjbONs7fNy3sClZhsHWy
yKd9X5qyrE/DGvbXk9L5U09sUVdX+f7ng8ajSaGSOcKE3UUuvfuI5HXYaNJ97oph
WmIVqAAhlfotnHcAuUkni7fdpexlnrjzC2YfBdgNMdAfgiOKF6i5vneUEIWWSeAj
1CSfVgHGmBv6qkjsIyPVGTIkwitkHXDLS2TWCTw1ylR2dxQ2Ah7f2Kqfp2Vn7ist
79djHFdgCwqeKKhpWD01f6N5AVh6xju910njrxMrAKkCmLpk+v+bsCVevu8pspsY
HQIDAQAB
-----END PUBLIC KEY-----
",www.linkedin.com,DigiCert Inc,24227412274010213341465455303550333960940046895066116987426959094765802903038963793012816908966227321685978351096534241737812266901894694955512868266045308972378972717697125206074390331929327774087193722137184517828846706554730651769012156760090842949036177014034207106968892827368407684687408756705679139742534208024741963423562617898231833157276870507716361786499582957737269590695475709449696986326727440318843305732247079010233549220816423839852934669365752228134957768602410694893853485056298625622925088566605389879193605362920666436377524633481777631258728279485128652797363971275248444731540377254865581840413
"-----BEGIN CERTIFICATE-----
MIIGvTCCBaWgAwIBAgIQCe02w8HPDLB/TftJICioBjANBgkqhkiG9w0BAQsFADBP
MQswCQYDVQQGEwJVUzEVMBMGA1UEChMMRGlnaUNlcnQgSW5jMSkwJwYDVQQDEyBE
aWdpQ2VydCBUTFMgUlNBIFNIQTI1NiAyMDIwIENBMTAeFw0yMzA5MDEwMDAwMDBa
Fw0yNDAyMjgyMzU5NTlaMGgxCzAJBgNVBAYTAlVTMRMwEQYDVQQIEwpDQUxJRk9S
TklBMRYwFAYDVQQHEw1TQU4gRlJBTkNJU0NPMRUwEwYDVQQKEwxSRURESVQsIElO
Qy4xFTATBgNVBAMMDCoucmVkZGl0LmNvbTCCASIwDQYJKoZIhvcNAQEBBQADggEP
ADCCAQoCggEBAM/pmlSjpBriKS1FgXKzqItMziu7otc9nmls8zLRaKwDHRpwVfiG
WkLckOfvhn79U2zqwDilJ7TKepbjXgpa7mUgs5bX5DqZPXhyfV1hFD66RRQi2wVb
vdbJdBGL3VrKZVJRIIpTtc3Q169FIslNKbc9eGq1nwO/REhI5dxDCHAoHwLpp+Xf
bjkBJGzlgKIBdBHed67KFVUKFvh1RVanVJUNG6IkAXXnPZSigwfA2wBH3QguOc1Y
xswPB4cOH5sdZeAJQ6j9rSxNqjZthoV43La5nsVYxRtreJ8ooV5ZX/dsL7BBBkWf
F/acVSU3f7X7XiFz23vruQyBNQKT2HKXwgcCAwEAAaOCA3owggN2MB8GA1UdIwQY
MBaAFLdrouqoqoSMeeq02g+YssWVdrn0MB0GA1UdDgQWBBRx4FDR54BS+yMUZZ1D
p40xqlZpJjAjBgNVHREEHDAaggwqLnJlZGRpdC5jb22CCnJlZGRpdC5jb20wDgYD
VR0PAQH/BAQDAgWgMB0GA1UdJQQWMBQGCCsGAQUFBwMBBggrBgEFBQcDAjCBjwYD
VR0fBIGHMIGEMECgPqA8hjpodHRwOi8vY3JsMy5kaWdpY2VydC5jb20vRGlnaUNl
cnRUTFNSU0FTSEEyNTYyMDIwQ0ExLTQuY3JsMECgPqA8hjpodHRwOi8vY3JsNC5k
aWdpY2VydC5jb20vRGlnaUNlcnRUTFNSU0FTSEEyNTYyMDIwQ0ExLTQuY3JsMD4G
A1UdIAQ3MDUwMwYGZ4EMAQICMCkwJwYIKwYBBQUHAgEWG2h0dHA6Ly93d3cuZGln
aWNlcnQuY29tL0NQUzB/BggrBgEFBQcBAQRzMHEwJAYIKwYBBQUHMAGGGGh0dHA6
Ly9vY3NwLmRpZ2ljZXJ0LmNvbTBJBggrBgEFBQcwAoY9aHR0cDovL2NhY2VydHMu
ZGlnaWNlcnQuY29tL0RpZ2lDZXJ0VExTUlNBU0hBMjU2MjAyMENBMS0xLmNydDAJ
BgNVHRMEAjAAMIIBgAYKKwYBBAHWeQIEAgSCAXAEggFsAWoAdwDuzdBk1dsazsVc
t520zROiModGfLzs3sNRSFlGcR+1mwAAAYpOCt9yAAAEAwBIMEYCIQCla64W7exB
TYi5lswTs8h7zFau//W4p9LZ9ldHErl0RQIhANSMe2dbU73MWQ57kBA4aRTtlyAP
S9YJUZa5DHxcq87BAHcASLDja9qmRzQP5WoC+p0w6xxSActW3SyB2bu/qznYhHMA
AAGKTgrduAAABAMASDBGAiEA4TjiEAvo323QgwLdi48ieK80OqMjt386KUKOgrI4
R84CIQCG7Ya6wTLP+4UMvZZg9wuZeoInYwHxzPuksJ7FlItlxwB2ANq2v2s/tbYi
n5vCu1xr6HCRcWy7UYSFNL2kPTBI1/urAAABik4K3YAAAAQDAEcwRQIhAPbSnGCf
Dguo+DHuGIf7Xx6bgdnjCKshu/B7q457jjZHAiBsTwxihuE1u3dJrlOcpfLUQbhd
KsAODjq3LLu15fzPADANBgkqhkiG9w0BAQsFAAOCAQEArU5PrGYPrGDnHCNEdrO2
sG3RmrajS3w6WHPGuB1rBqaOWfGt5Y+04D/ji5COrhLhO2jm6cU/JfADyqesCfry
XMqhEcUItBv3l9cWuWvZ6wV/b7RrrNQUkM0ZKOlXnFNmkUGxPsNhKMZh+Mh25ddL
mWPIxQZkJe2v5shYUjJr83njJSk40qfQLvITkEcVQGk6L9eWmCGefXrzqxW0/5f2
O5BU9Np1K+wkYjrOThbBzIkh1Lr02DEuFFKcWpSQKJIRxIKhqifxCG9APtKE9RrV
L/CF2/sFTCIaXu2uwlz1FmsrWkkFKsh1kTjMGCl1xk/pc9r0cYP6c+Nx9GwBNFFQ
hA==
-----END CERTIFICATE-----","-----BEGIN PUBLIC KEY-----
MIIBIjANBgkqhkiG9w0BAQEFAAOCAQ8AMIIBCgKCAQEAz+maVKOkGuIpLUWBcrOo
i0zOK7ui1z2eaWzzMtForAMdGnBV+IZaQtyQ5++Gfv1TbOrAOKUntMp6luNeClru
ZSCzltfkOpk9eHJ9XWEUPrpFFCLbBVu91sl0EYvdWsplUlEgilO1zdDXr0UiyU0p
tz14arWfA79ESEjl3EMIcCgfAumn5d9uOQEkbOWAogF0Ed53rsoVVQoW+HVFVqdU
lQ0boiQBdec9lKKDB8DbAEfdCC45zVjGzA8Hhw4fmx1l4AlDqP2tLE2qNm2GhXjc
trmexVjFG2t4nyihXllf92wvsEEGRZ8X9pxVJTd/tfteIXPbe+u5DIE1ApPYcpfC
BwIDAQAB
-----END PUBLIC KEY-----
",*.reddit.com,DigiCert Inc,26246522988611594563940391028339122509035828883802288450707769396204055990679317655275127080869265749830549427250324715757962617667954526593086684647284980286818624250807325519223060171433379229985299641735481675516477562477691346146805463420807565078931462219633301691547133258176694284636151227005717200789997279067273421832469567619920034076457283032940632934976692885616530618835710543738710540378589752269054491433463328061152712356100583553101280280004319685126934799129183130159066025869324763279457110295714117757263791050571779739234823489622708284211280616896897770378113988148122386776436179107885258097159
"-----BEGIN CERTIFICATE-----
MIIJ0jCCCLqgAwIBAgIRAOZUG6ylQYFUIX9ZrNiELZwwDQYJKoZIhvcNAQELBQAw
gZUxCzAJBgNVBAYTAkdCMRswGQYDVQQIExJHcmVhdGVyIE1hbmNoZXN0ZXIxEDAO
BgNVBAcTB1NhbGZvcmQxGDAWBgNVBAoTD1NlY3RpZ28gTGltaXRlZDE9MDsGA1UE
AxM0U2VjdGlnbyBSU0EgT3JnYW5pemF0aW9uIFZhbGlkYXRpb24gU2VjdXJlIFNl
cnZlciBDQTAeFw0yMzA2MDkwMDAwMDBaFw0yNDA2MDgyMzU5NTlaME4xCzAJBgNV
BAYTAlVTMRMwEQYDVQQIEwpDYWxpZm9ybmlhMRMwEQYDVQQKEwplQmF5LCBJbmMu
MRUwEwYDVQQDEwxiZWZyLmViYXkuYmUwggEiMA0GCSqGSIb3DQEBAQUAA4IBDwAw
ggEKAoIBAQCilYsHo4uSCrrlZrS53jrJHsnO4lD2ZbfYc7RLjpJejdVAU5ZiSHBb
Kk+C3and9hjf0H6jPn4ck5TpRF0rEBVX5FaTBOnos1/UXMg0+KW6WUSFGqCYOE3L
80D+PwgE5b5sc9OiG+oWXysZjLY1U2Tt2tTKMUxVlCe9NSB9tIMoNEUW+du1Py6E
w6iyWKW2XUirfvUwIQ0IYdhITZEdwe/2+3zi7P3s+DmHj8wtE2ZogBQz8mKZyozF
4fVEcDqpdbHzTeVeYOfWyygr4oLAVUgkISOF2oZNhjyiDs0uO57BnNlcrbdivZE3
66mhAmLTTuTmTtkc5+TvloWozMQwJDp3AgMBAAGjggZhMIIGXTAfBgNVHSMEGDAW
gBQX2dYlJ2f5McJJQ9kwNkSMbKlP6zAdBgNVHQ4EFgQUZ/2cgeYj60EyuFr9Ua6b
5++2CtEwDgYDVR0PAQH/BAQDAgWgMAwGA1UdEwEB/wQCMAAwHQYDVR0lBBYwFAYI
KwYBBQUHAwEGCCsGAQUFBwMCMEoGA1UdIARDMEEwNQYMKwYBBAGyMQECAQMEMCUw
IwYIKwYBBQUHAgEWF2h0dHBzOi8vc2VjdGlnby5jb20vQ1BTMAgGBmeBDAECAjBa
BgNVHR8EUzBRME+gTaBLhklodHRwOi8vY3JsLnNlY3RpZ28uY29tL1NlY3RpZ29S
U0FPcmdhbml6YXRpb25WYWxpZGF0aW9uU2VjdXJlU2VydmVyQ0EuY3JsMIGKBggr
BgEFBQcBAQR+MHwwVQYIKwYBBQUHMAKGSWh0dHA6Ly9jcnQuc2VjdGlnby5jb20v
U2VjdGlnb1JTQU9yZ2FuaXphdGlvblZhbGlkYXRpb25TZWN1cmVTZXJ2ZXJDQS5j
cnQwIwYIKwYBBQUHMAGGF2h0dHA6Ly9vY3NwLnNlY3RpZ28uY29tMIIBewYKKwYB
BAHWeQIEAgSCAWsEggFnAWUAdQB2/4g/Crb7lVHCYcz1h7o0tKTNuyncaEIKn+Zn
TFo6dAAAAYienN6UAAAEAwBGMEQCIDrNhBzjFVWdVMfrjHtjXN7vs+XPZlKdMdl9
INNvP0liAiAzGYLzvhf37GPFXNhb1sws0SK6niPrjNLLYAXW3n7+zQB1ANq2v2s/
tbYin5vCu1xr6HCRcWy7UYSFNL2kPTBI1/urAAABiJ6c3uQAAAQDAEYwRAIgEPTn
W9mDyCIG+/Phck+lnLrvkeKzZqMKMJVvmmkEAywCIDjGe498yoPqxPr4hnYt8siF
0vR/K50IK2JoP2gbe2zeAHUA7s3QZNXbGs7FXLedtM0TojKHRny87N7DUUhZRnEf
tZsAAAGInpzfEQAABAMARjBEAiBtIj67kC1v+nGYPUxWbTzQPmA3KUpTTdLCJY50
+Q2oxwIgK9U7Phm34P5YzQdWAOep9W1VvSEwbqsgWMjaPK4ZmAUwggMoBgNVHREE
ggMfMIIDG4IMYmVmci5lYmF5LmJlggthci5lYmF5LmNvbYIMYmVubC5lYmF5LmJl
ggtiby5lYmF5LmNvbYILYnIuZWJheS5jb22CC2J5LmViYXkuY29tggxjYWZyLmVi
YXkuY2GCC2NsLmViYXkuY29tggtjbi5lYmF5LmNvbYILY28uZWJheS5jb22CC2Ny
LmViYXkuY29tggtkby5lYmF5LmNvbYIJZS1iYXkuY29tgghlLWJheS5pdIIHZWJh
eS5hdIIHZWJheS5iZYIHZWJheS5jYYIHZWJheS5jaIIKZWJheS5jby5ueoIKZWJh
eS5jby51a4IIZWJheS5jb22CC2ViYXkuY29tLmF1ggtlYmF5LmNvbS5jboILZWJh
eS5jb20uaGuCC2ViYXkuY29tLm15ggtlYmF5LmNvbS5waIILZWJheS5jb20uc2eC
B2ViYXkuZGWCB2ViYXkuZXOCB2ViYXkuZnKCB2ViYXkuaWWCB2ViYXkuaW6CB2Vi
YXkuaXSCB2ViYXkubmyCB2ViYXkucGiCB2ViYXkucGyCC2VjLmViYXkuY29tggtn
dC5lYmF5LmNvbYILaG4uZWJheS5jb22CC2lsLmViYXkuY29tggtrei5lYmF5LmNv
bYILbXguZWJheS5jb22CC25pLmViYXkuY29tggtwYS5lYmF5LmNvbYIQcGFnZXMu
ZWJheS5jby56YYILcGUuZWJheS5jb22CC3ByLmViYXkuY29tggtwdC5lYmF5LmNv
bYILcHkuZWJheS5jb22CC3J1LmViYXkuY29tggtzdi5lYmF5LmNvbYIOdG91Y2gu
ZWJheS5jb22CEHRvdWNoLmcuZWJheS5jb22CC3V5LmViYXkuY29tggt2ZS5lYmF5
LmNvbYIOd3d3LmViYXkuY28ubnqCDnd3dy5lYmF5LmNvLnZlgg93d3cuZWJheS5j
b20uYXKCD3d3dy5lYmF5LmNvbS5lY4IPd3d3LmViYXkuY29tLm10gg93d3cuZWJh
eS5jb20ucGiCC3d3dy5lYmF5Lmx0ggt3d3cuZWJheS5wazANBgkqhkiG9w0BAQsF
AAOCAQEARBf4OB7M1FCAJn4pfpsWOQ7QmiQksDyr0ygzJl9WaFZ3mfPMSp4rrQLc
ISH3y7+RA3wOv+MKWvrNB1zYOjt1YL1L2yk7VxMkZ2xDEdsbQW4kT9G7n9bA2O6B
/OeUYfEzBo7v6enw9mobEsKqDi0vQxtbtV9bWLUinLjLxpOiflVQIhW0SRb3iRwA
bB4yaoS0VzKZI6cJu5KXKH++rE4oStw9S1nICqZvt69gGTiNz+EJL+n8+tg5kTfA
T8KEn+nU1870gnzTFssuJATouyEtsib860cF9C4kErS7Fefoos+PZvqqncnH0UtX
Xk2urxhudM7AmDyqov9yjN9LVe/7bg==
-----END CERTIFICATE-----","-----BEGIN PUBLIC KEY-----
MIIBIjANBgkqhkiG9w0BAQEFAAOCAQ8AMIIBCgKCAQEAopWLB6OLkgq65Wa0ud46
yR7JzuJQ9mW32HO0S46SXo3VQFOWYkhwWypPgt2p3fYY39B+oz5+HJOU6URdKxAV
V+RWkwTp6LNf1FzINPilullEhRqgmDhNy/NA/j8IBOW+bHPTohvqFl8rGYy2NVNk
7drUyjFMVZQnvTUgfbSDKDRFFvnbtT8uhMOosliltl1Iq371MCENCGHYSE2RHcHv
9vt84uz97Pg5h4/MLRNmaIAUM/JimcqMxeH1RHA6qXWx803lXmDn1ssoK+KCwFVI
JCEjhdqGTYY8og7NLjuewZzZXK23Yr2RN+upoQJi007k5k7ZHOfk75aFqMzEMCQ6
dwIDAQAB
-----END PUBLIC KEY-----
",befr.ebay.be,Sectigo Limited,20524347848286167431081551836242427051068204044577105376976660225429958292263073335528490227988181382404466604804864347808856545220613840707514194408534078012912292643846409383698245620183000316349872532695151958885758539641902702662357469121146882215273949713329968789510518534789888314301310764027735884583849178468852284169794686811190712686785987081517786720200119254430512881659580544213950652831380980182538206144963568738103521819357506452683732043651523392239964510403761071676740491181524607535747502779290774495509201977784518582493042048143849523382525865472303203311252292474252820334997819010209538128503
"-----BEGIN CERTIFICATE-----
MIIM8TCCC9mgAwIBAgIQCFZJMeGxaickqrzF/IiNDzANBgkqhkiG9w0BAQsFADBZ
MQswCQYDVQQGEwJVUzEVMBMGA1UEChMMRGlnaUNlcnQgSW5jMTMwMQYDVQQDEypE
aWdpQ2VydCBHbG9iYWwgRzIgVExTIFJTQSBTSEEyNTYgMjAyMCBDQTEwHhcNMjMw
NzMxMDAwMDAwWhcNMjQwODA3MjM1OTU5WjBuMQswCQYDVQQGEwJVUzETMBEGA1UE
CBMKQ2FsaWZvcm5pYTEWMBQGA1UEBxMNU2FuIEZyYW5jaXNjbzEYMBYGA1UEChMP
UGludGVyZXN0LCBJbmMuMRgwFgYDVQQDDA8qLnBpbnRlcmVzdC5jb20wggEiMA0G
CSqGSIb3DQEBAQUAA4IBDwAwggEKAoIBAQC1EzjO1HbcSU3AD+WrbjntNnUNmD8c
aExrDozEBJrzzDxH05KIvvMUb+qbbUZEXsdLrSyPGA1WV6Pw2OhDl1sSTeOUNBYX
Go7yy+v7AOmCJo4S96unX2c3/4ewFbWvHIF+zu+BzNoDrAqFRL1u14j8//po37eq
zgJG8cwL938h4XDHod9bZyBNZirBx8VJsvWiWUMBCzobrVK3iY7ThRZEcYedv3+T
ja3JEqP8V3vE9IkAqfSuacDhWwHlkzQB1np+nzmB0jYsUTV3sKUiigcjiXMs2ccz
Vz2JZqJqUU2hhKK1usAYEU5Gj0YFTUYC7d3yfOZSj4iAQLaAiYOJQxKVAgMBAAGj
ggmeMIIJmjAfBgNVHSMEGDAWgBR0hYDAZsffN97PvSk3qgMdvu3NFzAdBgNVHQ4E
FgQUKjJ/doBHffHcRIqCH2ySTrq3o0AwggYsBgNVHREEggYjMIIGH4IPKi5waW50
ZXJlc3QuY29tggwqLnBpbmltZy5jb22CECoucGludGVyZXN0LmluZm+CFyoucGlu
dGVyZXN0LmVuZ2luZWVyaW5nghMqLnBpbnRlcmVzdG1haWwuY29tgg4qLnBpbnRl
cmVzdC5hdIIOKi5waW50ZXJlc3QuY2iCDioucGludGVyZXN0LmRlgg4qLnBpbnRl
cmVzdC5ka4IOKi5waW50ZXJlc3QuaWWCDioucGludGVyZXN0Lmpwgg4qLnBpbnRl
cmVzdC5rcoIOKi5waW50ZXJlc3QubXiCDioucGludGVyZXN0LnB0gg4qLnBpbnRl
cmVzdC5zZYIRKi5waW50ZXJlc3QuY28uYXSCESoucGludGVyZXN0LmNvLmtyghEq
LnBpbnRlcmVzdC5jby51a4ISKi5waW50ZXJlc3QuY29tLm14ggZwaW4uaXSCDXBp
bnRlcmVzdC5jb22CCnBpbmltZy5jb22CDnBpbnRlcmVzdC5pbmZvghVwaW50ZXJl
c3QuZW5naW5lZXJpbmeCEXBpbnRlcmVzdG1haWwuY29tggxwaW50ZXJlc3QuYXSC
DHBpbnRlcmVzdC5jaIIMcGludGVyZXN0LmRlggxwaW50ZXJlc3QuZGuCDHBpbnRl
cmVzdC5pZYIMcGludGVyZXN0LmpwggxwaW50ZXJlc3Qua3KCDHBpbnRlcmVzdC5t
eIIMcGludGVyZXN0LnB0ggxwaW50ZXJlc3Quc2WCD3BpbnRlcmVzdC5jby5hdIIP
cGludGVyZXN0LmNvLmtygg9waW50ZXJlc3QuY28udWuCEHBpbnRlcmVzdC5jb20u
bXiCDioucGludGVyZXN0LmNhgg4qLnBpbnRlcmVzdC5mcoIMcGludGVyZXN0LmNh
ggxwaW50ZXJlc3QuZnKCEHBpbnRlcmVzdC5jb20uYXWCEioucGludGVyZXN0LmNv
bS5hdYIMcGludGVyZXN0Lm56gg4qLnBpbnRlcmVzdC5ueoIMcGludGVyZXN0LmVz
gg4qLnBpbnRlcmVzdC5lc4IMcGludGVyZXN0LmNsgg4qLnBpbnRlcmVzdC5jbIIM
cGludGVyZXN0LnBogg4qLnBpbnRlcmVzdC5waIIMcGludGVyZXN0Lmlugg4qLnBp
bnRlcmVzdC5pboIPcGludGVyZXN0LmNvLmlughEqLnBpbnRlcmVzdC5jby5pboIM
cGludGVyZXN0LmJlgg4qLnBpbnRlcmVzdC5iZYIMcGludGVyZXN0LnBlgg4qLnBp
bnRlcmVzdC5wZYIMcGludGVyZXN0LmNvgg4qLnBpbnRlcmVzdC5jb4IQcGludGVy
ZXN0LmNvbS5weYISKi5waW50ZXJlc3QuY29tLnB5ghBwaW50ZXJlc3QuY29tLmJv
ghIqLnBpbnRlcmVzdC5jb20uYm+CEHBpbnRlcmVzdC5jb20uZWOCEioucGludGVy
ZXN0LmNvbS5lY4IMcGludGVyZXN0LmVjgg4qLnBpbnRlcmVzdC5lY4IMcGludGVy
ZXN0Lmh1gg4qLnBpbnRlcmVzdC5odYIQcGludGVyZXN0LmNvbS52boISKi5waW50
ZXJlc3QuY29tLnZuggxwaW50ZXJlc3QuaXSCDioucGludGVyZXN0Lml0ghBwaW50
ZXJlc3QuY29tLnBlghIqLnBpbnRlcmVzdC5jb20ucGWCEHBpbnRlcmVzdC5jb20u
dXmCEioucGludGVyZXN0LmNvbS51eYIPcGludGVyZXN0LmNvLm56ghEqLnBpbnRl
cmVzdC5jby5ueoIMcGludGVyZXN0LnVrgg4qLnBpbnRlcmVzdC51a4IMcGludGVy
ZXN0LnZugg4qLnBpbnRlcmVzdC52boIMcGludGVyZXN0Lmlkgg4qLnBpbnRlcmVz
dC5pZIIMcGludGVyZXN0LnRogg4qLnBpbnRlcmVzdC50aIIMcGludGVyZXN0LnR3
gg4qLnBpbnRlcmVzdC50d4IMcGludGVyZXN0Lm5sgg4qLnBpbnRlcmVzdC5ubIIX
Ki50ZXN0aW5nLnBpbnRlcmVzdC5jb20wDgYDVR0PAQH/BAQDAgWgMB0GA1UdJQQW
MBQGCCsGAQUFBwMBBggrBgEFBQcDAjCBnwYDVR0fBIGXMIGUMEigRqBEhkJodHRw
Oi8vY3JsMy5kaWdpY2VydC5jb20vRGlnaUNlcnRHbG9iYWxHMlRMU1JTQVNIQTI1
NjIwMjBDQTEtMS5jcmwwSKBGoESGQmh0dHA6Ly9jcmw0LmRpZ2ljZXJ0LmNvbS9E
aWdpQ2VydEdsb2JhbEcyVExTUlNBU0hBMjU2MjAyMENBMS0xLmNybDA+BgNVHSAE
NzA1MDMGBmeBDAECAjApMCcGCCsGAQUFBwIBFhtodHRwOi8vd3d3LmRpZ2ljZXJ0
LmNvbS9DUFMwgYcGCCsGAQUFBwEBBHsweTAkBggrBgEFBQcwAYYYaHR0cDovL29j
c3AuZGlnaWNlcnQuY29tMFEGCCsGAQUFBzAChkVodHRwOi8vY2FjZXJ0cy5kaWdp
Y2VydC5jb20vRGlnaUNlcnRHbG9iYWxHMlRMU1JTQVNIQTI1NjIwMjBDQTEtMS5j
cnQwCQYDVR0TBAIwADCCAYAGCisGAQQB1nkCBAIEggFwBIIBbAFqAHcAdv+IPwq2
+5VRwmHM9Ye6NLSkzbsp3GhCCp/mZ0xaOnQAAAGJrfn7+AAABAMASDBGAiEAhUSz
QcRmkt+EnSP2Sjmh4sGabUsWHcRe19ryI6L1eRwCIQCZVfKuMfol7uGKybHccnex
uq6mIVafddlfIeVUkggwOwB2AEiw42vapkc0D+VqAvqdMOscUgHLVt0sgdm7v6s5
2IRzAAABia35+9cAAAQDAEcwRQIhAIEPM8RSRms+O/rI5hmCB0ly9yhVJqD6bt5P
q/2WNPvNAiBFi7oFeJQ0rOxNfEW3e0u7KXyjjAhrDSKQzm9qejnCyAB3ANq2v2s/
tbYin5vCu1xr6HCRcWy7UYSFNL2kPTBI1/urAAABia35++wAAAQDAEgwRgIhAJAm
9NfO2C8xkO38IZV3HkKGh9sXO/20DgJyo6Q3bxLTAiEAr5lSBcZsguG6SNVSKDK3
A8AVJifwV+Y3xd3olVZ25ggwDQYJKoZIhvcNAQELBQADggEBABlJxgyZpHAKwPLB
Vq1HBTq5dkvHbOd9e12mIv11ZYHsjxWfU4oWcjTua7d1xJHTOzfaT9kz6pVYjqzt
tBU1agly4FDkoLmpnK5Yo8W6zEGo6a/1GcKZrvGalpV/J/8Huso+ZcAp/Xs/flYZ
JVoegl4uvufhcPIiVzehAp81OHICMFajamZddoGWO0ah5xo+8NQJ0FVHvyYi7lvj
dHkNMxbleXEh0Z5o1TRs7kDZjfmxpE/exoFUBcVVXQa89GQXzY6x/jRu7BgyjLlc
8i1dZm+HtenWJFYlquu6gQobbXwRnwl8olq+hqacUoHFhSBU1hclsie2FXpDcCOW
zfIIZFw=
-----END CERTIFICATE-----","-----BEGIN PUBLIC KEY-----
MIIBIjANBgkqhkiG9w0BAQEFAAOCAQ8AMIIBCgKCAQEAtRM4ztR23ElNwA/lq245
7TZ1DZg/HGhMaw6MxASa88w8R9OSiL7zFG/qm21GRF7HS60sjxgNVlej8NjoQ5db
Ek3jlDQWFxqO8svr+wDpgiaOEverp19nN/+HsBW1rxyBfs7vgczaA6wKhUS9bteI
/P/6aN+3qs4CRvHMC/d/IeFwx6HfW2cgTWYqwcfFSbL1ollDAQs6G61St4mO04UW
RHGHnb9/k42tyRKj/Fd7xPSJAKn0rmnA4VsB5ZM0AdZ6fp85gdI2LFE1d7ClIooH
I4lzLNnHM1c9iWaialFNoYSitbrAGBFORo9GBU1GAu3d8nzmUo+IgEC2gImDiUMS
lQIDAQAB
-----END PUBLIC KEY-----
",*.pinterest.com,DigiCert Inc,22858611873967649538167146138203657542645745842690997058082466848134730511262864984605590561309920132932309999555450571934506472355806613711219890193598587697410383867397889499014202639423947588814269017745383805478681320711922989671756415423219473357018251292496744231404723068804702098244685053414407198551174670028897174465711395839512834345863285711577426298891947932763121608962626481386339404376069322811560377047020791980198146412076289220252621902683645971618643119252488325033655131318623761266925070505426090146411932143231899240325706226542125848445138208289665942012659287396951610659284041555617951978133
"-----BEGIN CERTIFICATE-----
MIIGWjCCBgCgAwIBAgIQC+KiC2EzPQRY4gRNeakYXzAKBggqhkjOPQQDAjBnMQsw
CQYDVQQGEwJVUzEVMBMGA1UEChMMRGlnaUNlcnQgSW5jMRkwFwYDVQQLExB3d3cu
ZGlnaWNlcnQuY29tMSYwJAYDVQQDEx1EaWdpQ2VydCBTZWN1cmUgU2l0ZSBFQ0Mg
Q0EtMTAeFw0yMzEwMjUwMDAwMDBaFw0yNDEwMjQyMTQ4MDlaMGgxCzAJBgNVBAYT
AlVTMRMwEQYDVQQIEwpDYWxpZm9ybmlhMRIwEAYDVQQHEwlMb3MgR2F0b3MxFjAU
BgNVBAoTDU5ldGZsaXgsIEluYy4xGDAWBgNVBAMTD3d3dy5uZXRmbGl4LmNvbTBZ
MBMGByqGSM49AgEGCCqGSM49AwEHA0IABKb6Jc7ZTD7AXaDxYM4fu8s8L/OtfV38
4+0MYcQrfIlrOofJ5u+fbUXMUzFAsyNB8wKzeBQvHesbjW5VR4vW9JOjggSLMIIE
hzAfBgNVHSMEGDAWgBTbNURdK+tTr54L9XE9o5lzrvtcUzAdBgNVHQ4EFgQUk2uN
6jvdK2YkGk/I/4ymA6vkeUgwggE+BgNVHREEggE1MIIBMYITYWNjb3VudC5uZXRm
bGl4LmNvbYIOY2EubmV0ZmxpeC5jb22CCm5ldGZsaXguY2GCC25ldGZsaXguY29t
ghJzaWdudXAubmV0ZmxpeC5jb22CDnd3dy5uZXRmbGl4LmNhghB3d3cxLm5ldGZs
aXguY29tghB3d3cyLm5ldGZsaXguY29tghB3d3czLm5ldGZsaXguY29tghlkZXZl
bG9wLXN0YWdlLm5ldGZsaXguY29tghlyZWxlYXNlLXN0YWdlLm5ldGZsaXguY29t
gg93d3cubmV0ZmxpeC5jb22CDnR2Lm5ldGZsaXguY29tgh9lbWJlZC5kZXZlbG9w
LXN0YWdlLm5ldGZsaXguY29tgh9lbWJlZC5yZWxlYXNlLXN0YWdlLm5ldGZsaXgu
Y29tMD4GA1UdIAQ3MDUwMwYGZ4EMAQICMCkwJwYIKwYBBQUHAgEWG2h0dHA6Ly93
d3cuZGlnaWNlcnQuY29tL0NQUzAOBgNVHQ8BAf8EBAMCA4gwHQYDVR0lBBYwFAYI
KwYBBQUHAwEGCCsGAQUFBwMCMIGFBgNVHR8EfjB8MDygOqA4hjZodHRwOi8vY3Js
My5kaWdpY2VydC5jb20vRGlnaUNlcnRTZWN1cmVTaXRlRUNDQ0EtMS5jcmwwPKA6
oDiGNmh0dHA6Ly9jcmw0LmRpZ2ljZXJ0LmNvbS9EaWdpQ2VydFNlY3VyZVNpdGVF
Q0NDQS0xLmNybDB7BggrBgEFBQcBAQRvMG0wJAYIKwYBBQUHMAGGGGh0dHA6Ly9v
Y3NwLmRpZ2ljZXJ0LmNvbTBFBggrBgEFBQcwAoY5aHR0cDovL2NhY2VydHMuZGln
aWNlcnQuY29tL0RpZ2lDZXJ0U2VjdXJlU2l0ZUVDQ0NBLTEuY3J0MAwGA1UdEwEB
/wQCMAAwggF/BgorBgEEAdZ5AgQCBIIBbwSCAWsBaQB3AHb/iD8KtvuVUcJhzPWH
ujS0pM27KdxoQgqf5mdMWjp0AAABi2jPNKIAAAQDAEgwRgIhAOaTq6mCFYbRfA7K
BWouoR/Lk+WV1UfUXGvzM3Qn2Y2QAiEAxzm7IKSxCXunPqUF5m9eAJTV9C6Tb2ym
FXMV7IY6BxwAdwBIsONr2qZHNA/lagL6nTDrHFIBy1bdLIHZu7+rOdiEcwAAAYto
zzRiAAAEAwBIMEYCIQCATQ8/JZuSO8mrOAP6yopgmNT+Ll/h9UbteVaNg+wOpgIh
AI8v3YCkU7ysN9JYDd+GNhU68BaQsKJJV0TsKviRx1V8AHUA2ra/az+1tiKfm8K7
XGvocJFxbLtRhIU0vaQ9MEjX+6sAAAGLaM80RwAABAMARjBEAiAfnOEp8fgeuTJT
FfLmL5sO9NxrOsEYyP+5krO6u+wHEAIgTbZKE61ME5zs0x5uN8ueBL4Ec2Zwholm
XyPOXkAO25cwCgYIKoZIzj0EAwIDSAAwRQIhAM80sjDIthtScIa/Bpt93O8yvxRj
jOtrHgeaVLGvoqfTAiB1iVCHwlnOC4YQAgGrENazLMgI3qXhwlHCf+Aowgx+ew==
-----END CERTIFICATE-----","-----BEGIN PUBLIC KEY-----
MFkwEwYHKoZIzj0CAQYIKoZIzj0DAQcDQgAEpvolztlMPsBdoPFgzh+7yzwv8619
Xfzj7QxhxCt8iWs6h8nm759tRcxTMUCzI0HzArN4FC8d6xuNblVHi9b0kw==
-----END PUBLIC KEY-----
",www.netflix.com,DigiCert Inc,
"-----BEGIN CERTIFICATE-----
MIIEqjCCBFGgAwIBAgIRAJW84uypZV2wuWs9tNWhTIgwCgYIKoZIzj0EAwIwgY8x
CzAJBgNVBAYTAkdCMRswGQYDVQQIExJHcmVhdGVyIE1hbmNoZXN0ZXIxEDAOBgNV
BAcTB1NhbGZvcmQxGDAWBgNVBAoTD1NlY3RpZ28gTGltaXRlZDE3MDUGA1UEAxMu
U2VjdGlnbyBFQ0MgRG9tYWluIFZhbGlkYXRpb24gU2VjdXJlIFNlcnZlciBDQTAe
Fw0yMzEyMDUwMDAwMDBaFw0yNTAxMDQyMzU5NTlaMBoxGDAWBgNVBAMMDyoud29y
ZHByZXNzLmNvbTBZMBMGByqGSM49AgEGCCqGSM49AwEHA0IABK04dDjZ49eeRLY/
6W/1+9CDejlCTeEPS4wDcAWxQ7TPQuxGh+mF+v3YGMG1mW1ehjugEIzVwqGUTP/L
zcGSkPmjggMAMIIC/DAfBgNVHSMEGDAWgBT2hQo7EYbhBH0Oqgss0u7MZHt7rjAd
BgNVHQ4EFgQUVvwKzVObkHuGLVQ+X6r21rL6Qn4wDgYDVR0PAQH/BAQDAgeAMAwG
A1UdEwEB/wQCMAAwHQYDVR0lBBYwFAYIKwYBBQUHAwEGCCsGAQUFBwMCMEkGA1Ud
IARCMEAwNAYLKwYBBAGyMQECAgcwJTAjBggrBgEFBQcCARYXaHR0cHM6Ly9zZWN0
aWdvLmNvbS9DUFMwCAYGZ4EMAQIBMIGEBggrBgEFBQcBAQR4MHYwTwYIKwYBBQUH
MAKGQ2h0dHA6Ly9jcnQuc2VjdGlnby5jb20vU2VjdGlnb0VDQ0RvbWFpblZhbGlk
YXRpb25TZWN1cmVTZXJ2ZXJDQS5jcnQwIwYIKwYBBQUHMAGGF2h0dHA6Ly9vY3Nw
LnNlY3RpZ28uY29tMCkGA1UdEQQiMCCCDyoud29yZHByZXNzLmNvbYINd29yZHBy
ZXNzLmNvbTCCAX4GCisGAQQB1nkCBAIEggFuBIIBagFoAHYAzxFW7tUufK/zh1vZ
aS6b6RpxZ0qwF+ysAdJbd87MOwgAAAGMN/maCQAABAMARzBFAiEAl2sJyiWO/P+i
MV5FbCuUR66b1+j2UMyZVvczrdwd8z0CIDJ79lUlroC6qaVjfMZgTrPmDzDGy1G5
HDbPRLXNmlsCAHcAouMK5EXvva2bfjjtR2d3U9eCW4SU1yteGyzEuVCkR+cAAAGM
N/mapQAABAMASDBGAiEA54EVvSWgFMu4oPGUh+75ZufO4TFzExuhzsaUUQelaykC
IQC8AKsMWvx4ELae94c2SdEZynOTGGds7aCtXxUr4AbzvAB1AE51oydcmhDDOFts
1N8/Uusd8OCOG41pwLH6ZLFimjnfAAABjDf5mjEAAAQDAEYwRAIgOO7XHszZeuwX
6SKYJ7PpQLCnBzxZwm1AzYyYiQHQVvICIHiF1s4ziOQe5JbF2SbMHOlY+j+zaaZe
AjmnbFXqo/CbMAoGCCqGSM49BAMCA0cAMEQCIApuWJEhVoYCKh0aW3FmORM3cDl6
HKJpDl52L+YDGiWkAiB87FrL+3+MkD6X5fI1q3dm5qGkibmeP4Za3NPR9JCSFA==
-----END CERTIFICATE-----","-----BEGIN PUBLIC KEY-----
MFkwEwYHKoZIzj0CAQYIKoZIzj0DAQcDQgAErTh0ONnj155Etj/pb/X70IN6OUJN
4Q9LjANwBbFDtM9C7EaH6YX6/dgYwbWZbV6GO6AQjNXCoZRM/8vNwZKQ+Q==
-----END PUBLIC KEY-----
",*.wordpress.com,Sectigo Limited,
"-----BEGIN CERTIFICATE-----
MIIKqDCCCZCgAwIBAgIQAZ3dCTUFVNcaZ4TM/m6DFTANBgkqhkiG9w0BAQsFADBY
MQswCQYDVQQGEwJCRTEZMBcGA1UEChMQR2xvYmFsU2lnbiBudi1zYTEuMCwGA1UE
AxMlR2xvYmFsU2lnbiBBdGxhcyBSMyBEViBUTFMgQ0EgMjAyMyBRMzAeFw0yMzA5
MTIxOTM4MDVaFw0yNDEwMTMxOTM4MDRaMBIxEDAOBgNVBAMMB2Nubi5jb20wggEi
MA0GCSqGSIb3DQEBAQUAA4IBDwAwggEKAoIBAQDsZniL9RpV7hDYPJvS4TGa39w5
BLHGsPhi4lV4HVtyIme0/NMMmszIeNoY+aaDSM2dn0gw29GIq1prZSAQK8BgDU6a
otU5mWG8J+xABnn75DQ1BHjXZFl4EfjL4mIhMaVY34O+0wG06owvFDUgxRzYnwlb
y6WEJfTRyv70MF6EIq0zZxW2cMgfyuq8ZEtgYddSr4I/2/xVxACBUDFYNqYbr9AR
qmJKvzglrSYULaBJ84oY3RnBnDCVUkMW3qYT1mIDop+Jz4wLyMyvHq0QA0wY/BhI
ByhJTkdQy7xH2N8O2MohQmaVo6x6w01cqsZyIHND1JSL3lAJiMtU8aMl3+edAgMB
AAGjggeyMIIHrjCCBGcGA1UdEQSCBF4wggRaggdjbm4uY29tgg0qLmFwaS5jbm4u
Y29tggwqLmFwaS5jbm4uaW+CHSouYXBpLmVsZWN0aW9udHJhY2tlci5jbm4uY29t
ghYqLmFwaS5wbGF0Zm9ybS5jbm4uY29tghAqLmFyYWJpYy5jbm4uY29tghQqLmFy
dGVtaXMudHVybmVyLmNvbYIPKi5ibG9ncy5jbm4uY29tghgqLmNsaWVudC5hcHBs
ZXR2LmNubi5jb22CCSouY25uLmNvbYIIKi5jbm4uaW+CDyouY25uYXJhYmljLmNv
bYIOKi5jbm5tb25leS5jb22CESouY25ucG9saXRpY3MuY29tghYqLmNvbmZpZy5v
dXR0dXJuZXIuY29tghEqLmRhdGEuYXBpLmNubi5pb4IRKi5lZGl0aW9uLmNubi5j
b22CFyouZWRpdGlvbi5pLmNkbi5jbm4uY29tghwqLmVkaXRpb24uc3RhZ2UubmV4
dC5jbm4uY29tgh0qLmVkaXRpb24uc3RhZ2UyLm5leHQuY25uLmNvbYIdKi5lZGl0
aW9uLnN0YWdlMy5uZXh0LmNubi5jb22CEyouZWxlY3Rpb25zLmNubi5jb22CGSou
ZWxlY3Rpb250cmFja2VyLmNubi5jb22CDCouZ28uY25uLmNvbYIPKi5pLmNkbi5j
bm4uY29tghYqLm1hcmtldHMubW9uZXkuY25uLmlvgg8qLm1vbmV5LmNubi5jb22C
DioubmV4dC5jbm4uY29tghYqLm9kbS5wbGF0Zm9ybS5jbm4uY29tgg8qLm91dHR1
cm5lci5jb22CEioucGxhdGZvcm0uY25uLmNvbYIfKi5zZWN0aW9uLWNvbnRlbnQu
bW9uZXkuY25uLmNvbYIUKi5zdGFnZS5uZXh0LmNubi5jb22CFSouc3RhZ2UyLm5l
eHQuY25uLmNvbYIVKi5zdGFnZTMubmV4dC5jbm4uY29tghEqLnN0ZWxsYXIuY25u
LmNvbYIUKi50ZXJyYS5uZXh0LmNubi5jb22CECoudHJhdmVsLmNubi5jb22CEyou
d3d3LmkuY2RuLmNubi5jb22CD2FwaS5ldHAuY25uLmNvbYIWY2xpZW50LmFwcGxl
dHYuY25uLmNvbYINY25uYXJhYmljLmNvbYIMY25ubW9uZXkuY29tgg9jbm5wb2xp
dGljcy5jb22CDWRjZmFuZG9tZS5jb22CHGdyYXBocWwudmVydGljYWxzLmFwaS5j
bm4uaW+CFGkuY2RuLnRyYXZlbC5jbm4uY29tghlwcmV2aWV3LmRldi5tb25leS5j
bm4uY29tghhwcmV2aWV3LnFhLm1vbmV5LmNubi5jb22CGXByZXZpZXcucmVmLm1v
bmV5LmNubi5jb22CG3ByZXZpZXcudHJhaW4ubW9uZXkuY25uLmNvbYIacHJldmll
dzIucmVmLm1vbmV5LmNubi5jb22CD3VuZGVyc2NvcmVkLmNvbTAOBgNVHQ8BAf8E
BAMCBaAwHQYDVR0lBBYwFAYIKwYBBQUHAwEGCCsGAQUFBwMCMB0GA1UdDgQWBBT9
Fy8eFhWRk9UjmQVNdVD8lZEhFTBXBgNVHSAEUDBOMAgGBmeBDAECATBCBgorBgEE
AaAyCgEDMDQwMgYIKwYBBQUHAgEWJmh0dHBzOi8vd3d3Lmdsb2JhbHNpZ24uY29t
L3JlcG9zaXRvcnkvMAwGA1UdEwEB/wQCMAAwgZ4GCCsGAQUFBwEBBIGRMIGOMEAG
CCsGAQUFBzABhjRodHRwOi8vb2NzcC5nbG9iYWxzaWduLmNvbS9jYS9nc2F0bGFz
cjNkdnRsc2NhMjAyM3EzMEoGCCsGAQUFBzAChj5odHRwOi8vc2VjdXJlLmdsb2Jh
bHNpZ24uY29tL2NhY2VydC9nc2F0bGFzcjNkdnRsc2NhMjAyM3EzLmNydDAfBgNV
HSMEGDAWgBTtoOYBBT40ghqkT1/FvRFBqt/zYTBIBgNVHR8EQTA/MD2gO6A5hjdo
dHRwOi8vY3JsLmdsb2JhbHNpZ24uY29tL2NhL2dzYXRsYXNyM2R2dGxzY2EyMDIz
cTMuY3JsMIIBfgYKKwYBBAHWeQIEAgSCAW4EggFqAWgAdQDuzdBk1dsazsVct520
zROiModGfLzs3sNRSFlGcR+1mwAAAYqK5qvdAAAEAwBGMEQCIE08u4H1qqO/W1OP
YxuxGftmdYvpngZDDBIKPJtwCB1qAiBjpQIgGnsX7H5wVWzxZtpff+gB6a9V+VGx
YY6hTg5eSAB2AD8XS0/XIkdYlB1lHIS+DRLtkDd/H4Vq68G/KIXs+GRuAAABiorm
rCoAAAQDAEcwRQIhAKgfE42oSB7890qz2OJXfydLzubHcsHtPNbO43Z3IsczAiBX
bvuajpVoxMlYmMHhiVS4/qF9Wd1nACXQBy3KaTen8AB3AHb/iD8KtvuVUcJhzPWH
ujS0pM27KdxoQgqf5mdMWjp0AAABiormrGkAAAQDAEgwRgIhAOCBs1ExXErb1s3+
mI53aclpYutFJSWHmbnxbw5lULlEAiEAsrJQzWT2E4w5xcoeC0Zt+nMubTJG2BG7
2KKQnHPiNlswDQYJKoZIhvcNAQELBQADggEBAGMUNah4Pw60DYWQbtlH0jFYdvNM
s+Vsh27OQEYbhE2itGWs0JvvQUDst7Y+jMHPre5NZtdmr1RnmQFoVofTvwxQxtJ4
VOqJfh2X1LTv4VrZI9m6lBLN729CDO/TKeVP9hiflVqe7faAXT8KBEFwPWE5If+z
VqSx3vPmDx+RM7OXYrVzhEmhVVjRq7yANUF+oxW64zK4zsNzYGUAyp1gmInaXKN5
XSRklj10ZrVHcd0XLuAME/9+54Bm7TvRfI46hfCfu6FbQPIX3gg+5j+MZJSdIuQJ
dzXhMVAQYlpu27381/Ts2SuDx6v/cZ8lV8D5o/xTtCpWAnLxM2bxSyVnYbk=
-----END CERTIFICATE-----","-----BEGIN PUBLIC KEY-----
MIIBIjANBgkqhkiG9w0BAQEFAAOCAQ8AMIIBCgKCAQEA7GZ4i/UaVe4Q2Dyb0uEx
mt/cOQSxxrD4YuJVeB1bciJntPzTDJrMyHjaGPmmg0jNnZ9IMNvRiKtaa2UgECvA
YA1OmqLVOZlhvCfsQAZ5++Q0NQR412RZeBH4y+JiITGlWN+DvtMBtOqMLxQ1IMUc
2J8JW8ulhCX00cr+9DBehCKtM2cVtnDIH8rqvGRLYGHXUq+CP9v8VcQAgVAxWDam
G6/QEapiSr84Ja0mFC2gSfOKGN0ZwZwwlVJDFt6mE9ZiA6Kfic+MC8jMrx6tEANM
GPwYSAcoSU5HUMu8R9jfDtjKIUJmlaOsesNNXKrGciBzQ9SUi95QCYjLVPGjJd/n
nQIDAQAB
-----END PUBLIC KEY-----
",cnn.com,GlobalSign nv-sa,29842770248959014505349877621531608445408586758794882250685478893399700882711757370812753650656767481814182101738352550123167921694245106588032303447065817375207984535823353193792074006554225470136955078505571283971260021710314746828269527129932966121026402210879838566990245852662283684262459678167877309209754239541743058078793247656502956422703098231865418448587474769471323655898720179231505189515317140177042450655654670190885553843576985287991005888577715106495474578003562213459348951554415459852202388041827084595287783563990415787223810596696284540223049349484134515879901354292175950403002533481338091071389
"-----BEGIN CERTIFICATE-----
MIIIGjCCBwKgAwIBAgIQAX3JsPNLEdYSQdIXA19ERDANBgkqhkiG9w0BAQsFADBc
MQswCQYDVQQGEwJVUzEVMBMGA1UEChMMRGlnaUNlcnQgSW5jMRkwFwYDVQQLExB3
d3cuZGlnaWNlcnQuY29tMRswGQYDVQQDExJUaGF3dGUgUlNBIENBIDIwMTgwHhcN
MjMwMzIyMDAwMDAwWhcNMjQwNDIxMjM1OTU5WjAWMRQwEgYDVQQDEwtueXRpbWVz
LmNvbTCCASIwDQYJKoZIhvcNAQEBBQADggEPADCCAQoCggEBALfI7L1p/hFj0c+/
gj0HJg6J9A2sGTocIC+ldWEZGgqyB2WKpmKoJO8LiqrnZT33UABMVVYYre/cWSCb
eleTicJ3HAOKbKW8AfNIRgx/TzwAOpygR0+i4huJUJU99xWB0jP7mDvnfecBb+p+
KRXrJdYOJmQIPyV6rMXk/4Pq5LnHVOkPing0ngFA5KJNUv9VhzUAgNcZ5mHTOQOw
sV/wSzllv2tR/ryqJRSYh6PHRoJqahhMufQtTge15MXV7M5EFD+BlVzjd2zjpTLG
qDTTxec6oP6b92Nc4Qc2b1IpP45Zngvn5nFRZ6TDjs1Ac+2I0jWElJB65zRyiSxG
KlztXSMCAwEAAaOCBRwwggUYMB8GA1UdIwQYMBaAFKPIXmVU5TB4wQXqBwpqWcy5
/t5aMB0GA1UdDgQWBBQfRI8+OCu02d2Gi6a8HxxJsOzxMDCCAikGA1UdEQSCAiAw
ggIcggtueXRpbWVzLmNvbYIcd3d3LmhvbWVkZWxpdmVyeS5ueXRpbWVzLmNvbYIV
Ki5hcGkuZGV2Lm55dGltZXMuY29tghEqLmFwaS5ueXRpbWVzLmNvbYIVKi5hcGku
c3RnLm55dGltZXMuY29tghMqLmJsb2dzLm55dGltZXMuY29tghcqLmJsb2dzLnN0
Zy5ueXRpbWVzLmNvbYINKi5kZXYubnl0LmNvbYINKi5kZXYubnl0Lm5ldIIRKi5k
ZXYubnl0aW1lcy5jb22CESoubmV3c2Rldi5ueXQubmV0ghUqLm5ld3NkZXYubnl0
aW1lcy5jb22CCSoubnl0LmNvbYIJKi5ueXQubmV0ggsqLm55dGNvLmNvbYINKi5u
eXRpbWVzLmNvbYIZKi5wYXlmbG93LnNieC5ueXRpbWVzLmNvbYIRKi5zYngubnl0
aW1lcy5jb22CFSouc3RnLm5ld3NkZXYubnl0Lm5ldIIZKi5zdGcubmV3c2Rldi5u
eXRpbWVzLmNvbYINKi5zdGcubnl0LmNvbYINKi5zdGcubnl0Lm5ldIIRKi5zdGcu
bnl0aW1lcy5jb22CECoudGltZXN0YWxrcy5jb22CB255dC5jb22CB255dC5uZXSC
CW55dGNvLmNvbYIOdGltZXN0YWxrcy5jb22CIyoubXlhY2NvdW50LXByZXZpZXcu
c3RnLm55dGltZXMuY29tMA4GA1UdDwEB/wQEAwIFoDAdBgNVHSUEFjAUBggrBgEF
BQcDAQYIKwYBBQUHAwIwOgYDVR0fBDMwMTAvoC2gK4YpaHR0cDovL2NkcC50aGF3
dGUuY29tL1RoYXd0ZVJTQUNBMjAxOC5jcmwwPgYDVR0gBDcwNTAzBgZngQwBAgEw
KTAnBggrBgEFBQcCARYbaHR0cDovL3d3dy5kaWdpY2VydC5jb20vQ1BTMG8GCCsG
AQUFBwEBBGMwYTAkBggrBgEFBQcwAYYYaHR0cDovL3N0YXR1cy50aGF3dGUuY29t
MDkGCCsGAQUFBzAChi1odHRwOi8vY2FjZXJ0cy50aGF3dGUuY29tL1RoYXd0ZVJT
QUNBMjAxOC5jcnQwCQYDVR0TBAIwADCCAYAGCisGAQQB1nkCBAIEggFwBIIBbAFq
AHcA7s3QZNXbGs7FXLedtM0TojKHRny87N7DUUhZRnEftZsAAAGHCcJvOwAABAMA
SDBGAiEAkYAqw+QvGXabpxNXvmojrVn+oqdduvrSQ6Nfjp3heaYCIQCKUmPAwD8w
uzvlRY88KKXuNEd2q2dhIuFoyCq/ix55OgB3AHPZnokbTJZ4oCB9R53mssYc0FFe
cRkqjGuAEHrBd3K1AAABhwnCb5cAAAQDAEgwRgIhAIFwAxMOF4YWtdxSmRtes7yD
quVKvnixbPgRvN0Wi8znAiEA7ZKTbnfXI7bFIaHwPQwAP8O227VtAFNlMPJK8+dD
jdcAdgBIsONr2qZHNA/lagL6nTDrHFIBy1bdLIHZu7+rOdiEcwAAAYcJwm9mAAAE
AwBHMEUCIDLJ08qtCfM/7wkancqamlRrDIG2RrGlxh4QJgPjZKQMAiEA1LjDKTBz
4odFHlXFfvXE8Z1S5IlRkBwcjx0l8Kif/xgwDQYJKoZIhvcNAQELBQADggEBAGwE
CGZfcpGPrzzkaatt6i96+YHLxkMLaQKxIuN2FTWTVXkMNJ89GjZB+m9SXotHyjC9
DF+I26/yxyvtTKve4jHexk4OoP9KVc06LqCInGV+9HypSgeV+jiRZwWjdlpq2iEm
wPSllizWrtPESkJ+kNOjWRmlNLXWl21djvPPd12woXBdYsCCd0h/TNDrEUMqEzvh
vW4DFNxoyuIMA2mbLRguPAMeZpzChLyjGIJmtACF9EzrL8rbPWyU9WH7gbvGEaNi
bRX06qAc7rc1w9R2FrDMD3+mRDdwm1F60LXGOQH3hERnf5ko9MjIUTnZAYF1cSYy
v4P/p25Fu005fJxk9GI=
-----END CERTIFICATE-----","-----BEGIN PUBLIC KEY-----
MIIBIjANBgkqhkiG9w0BAQEFAAOCAQ8AMIIBCgKCAQEAt8jsvWn+EWPRz7+CPQcm
Don0DawZOhwgL6V1YRkaCrIHZYqmYqgk7wuKqudlPfdQAExVVhit79xZIJt6V5OJ
wnccA4pspbwB80hGDH9PPAA6nKBHT6LiG4lQlT33FYHSM/uYO+d95wFv6n4pFesl
1g4mZAg/JXqsxeT/g+rkucdU6Q+KeDSeAUDkok1S/1WHNQCA1xnmYdM5A7CxX/BL
OWW/a1H+vKolFJiHo8dGgmpqGEy59C1OB7XkxdXszkQUP4GVXON3bOOlMsaoNNPF
5zqg/pv3Y1zhBzZvUik/jlmeC+fmcVFnpMOOzUBz7YjSNYSUkHrnNHKJLEYqXO1d
IwIDAQAB
-----END PUBLIC KEY-----
",nytimes.com,DigiCert Inc,23200689503273821115131359862548951280822928090080671805885742932570980697203776590666111611154077403955713264641490695307880162715142228793616649783860889267713222131727658563832309173738349679827775200442521120255566497300330703759965838602168629529284068993421857456086857501521334293204053288135009382777804898822395920296084191516139592410918725389903315843029188052934831694681699879789505274679125585464786386247498227500396471175599155961670032132492057296882776092800517197652570372212667889018713030340217356798183807714777322828170682936674826009853836838787473057591264134780059237973872759287728392985891
"-----BEGIN CERTIFICATE-----
MIIFsTCCBVegAwIBAgIQaSSIiPIKLcLjKBEtm+fTUTAKBggqhkjOPQQDAjBRMQsw
CQYDVQQGEwJVUzETMBEGA1UEChMKQXBwbGUgSW5jLjEtMCsGA1UEAxMkQXBwbGUg
UHVibGljIEVWIFNlcnZlciBFQ0MgQ0EgMSAtIEcxMB4XDTIzMTIwMTIyMTc0N1oX
DTI0MDIyOTIyMjc0N1owgcMxHTAbBgNVBA8MFFByaXZhdGUgT3JnYW5pemF0aW9u
MRMwEQYLKwYBBAGCNzwCAQMTAlVTMRswGQYLKwYBBAGCNzwCAQIMCkNhbGlmb3Ju
aWExETAPBgNVBAUTCEMwODA2NTkyMQswCQYDVQQGEwJVUzETMBEGA1UECAwKQ2Fs
aWZvcm5pYTESMBAGA1UEBwwJQ3VwZXJ0aW5vMRMwEQYDVQQKDApBcHBsZSBJbmMu
MRIwEAYDVQQDDAlhcHBsZS5jb20wWTATBgcqhkjOPQIBBggqhkjOPQMBBwNCAAQ4
i5l8gAmJBLfBaGIqGDz8Ukp46+J6Ga1+Pav3XfuOpxkkSVPBsyUhqurj8vfiwy3g
FsPpyF/yZuAGifNHXERTo4IDnDCCA5gwDAYDVR0TAQH/BAIwADAfBgNVHSMEGDAW
gBTghUh9E6bTEBmfXMtreCSS+K4brjB6BggrBgEFBQcBAQRuMGwwMgYIKwYBBQUH
MAKGJmh0dHA6Ly9jZXJ0cy5hcHBsZS5jb20vYXBldnNlY2MxZzEuZGVyMDYGCCsG
AQUFBzABhipodHRwOi8vb2NzcC5hcHBsZS5jb20vb2NzcDAzLWFwZXZzZWNjMWcx
MDEwFAYDVR0RBA0wC4IJYXBwbGUuY29tMGAGA1UdIARZMFcwSAYFZ4EMAQEwPzA9
BggrBgEFBQcCARYxaHR0cHM6Ly93d3cuYXBwbGUuY29tL2NlcnRpZmljYXRlYXV0
aG9yaXR5L3B1YmxpYzALBglghkgBhv1sAgEwEwYDVR0lBAwwCgYIKwYBBQUHAwEw
NQYDVR0fBC4wLDAqoCigJoYkaHR0cDovL2NybC5hcHBsZS5jb20vYXBldnNlY2Mx
ZzEuY3JsMB0GA1UdDgQWBBTLEl7OO74FRFz51ZHm5M96TbMl8DAOBgNVHQ8BAf8E
BAMCB4AwggH2BgorBgEEAdZ5AgQCBIIB5gSCAeIB4AB2AEiw42vapkc0D+VqAvqd
MOscUgHLVt0sgdm7v6s52IRzAAABjCd+wuYAAAQDAEcwRQIgCCiqGP/HTvWKhKNY
D9d2rQIfayygCwINYfLkACwFXwECIQDlnIfdBPN7olgD0hkNt/wx0WzhfA6HFn5f
4HucvekxnwB2AHb/iD8KtvuVUcJhzPWHujS0pM27KdxoQgqf5mdMWjp0AAABjCd+
wsYAAAQDAEcwRQIgDmsuCEaTLiJ5qMvZUUBctTjNQiFWYGXRQiRjPs3xMdkCIQCB
WkS3jiHMYaw8RiRonCqodau0giiIHtV4bg9z8rcXoQB3ANq2v2s/tbYin5vCu1xr
6HCRcWy7UYSFNL2kPTBI1/urAAABjCd+wqoAAAQDAEgwRgIhAI/mH/o5+rR8lcmA
Jznnd4H4QL8Int7vYH9Md4x+GpcIAiEAhL/O7tszHoZUlR6aMHc3OoQ8KD94s4Xt
aBDMrC5uXxEAdQDuzdBk1dsazsVct520zROiModGfLzs3sNRSFlGcR+1mwAAAYwn
fsKLAAAEAwBGMEQCIDksXlULzIEUfGCVa3vw/Nse9yq6BfXzKU6fen8zmED8AiB1
Pe83ehdtPwcfWEGItIip5jEWfMqphbF4FvlJoCJbkDAKBggqhkjOPQQDAgNIADBF
AiEAwzFjgCb4yVGv4KsDc7zYWTDKBrJ5PvE82QFT8robgRkCIHaVz9KTwWID8SSu
z3cN+ZmO/PfjttCc9dmrWuJ6khAR
-----END CERTIFICATE-----","-----BEGIN PUBLIC KEY-----
MFkwEwYHKoZIzj0CAQYIKoZIzj0DAQcDQgAEOIuZfIAJiQS3wWhiKhg8/FJKeOvi
ehmtfj2r9137jqcZJElTwbMlIarq4/L34sMt4BbD6chf8mbgBonzR1xEUw==
-----END PUBLIC KEY-----
",apple.com,Apple Inc.,
